player_id,full_name,position,age,experience,average_draft_position,projected_ppg,expected_ppg,comp_n,self_n_seasons,stock,description
-16034,Texans D/ST,DST,99,99,86.8,7.53,9.880920201,13,3,AVERAGE,Texans D/ST is projected for 7.5 PPG off an ADP of 86.8. Over his last 3 seasons he's landed at 1.45x his preseason projection. Production and cost look roughly in line with expectations.
-16007,Broncos D/ST,DST,99,99,91.4,7.69,11.36741318,14,3,AVERAGE,Broncos D/ST is projected for 7.7 PPG off an ADP of 91.4. Over his last 3 seasons he's landed at 1.87x his preseason projection. Production and cost look roughly in line with expectations.
-16014,Rams D/ST,DST,99,99,99.5,7.25,9.920279355,18,3,AVERAGE,Rams D/ST is projected for 7.2 PPG off an ADP of 99.5. Over his last 3 seasons he's landed at 1.53x his preseason projection. Production and cost look roughly in line with expectations.
-16026,Seahawks D/ST,DST,99,99,101.2,7.09,9.072514019,19,3,BREAKOUT,"Seahawks D/ST is projected for 7.1 PPG off an ADP of 101.2. Over his last 3 seasons he's landed at 1.35x his preseason projection. Age, trend, and role all point toward a real step forward this year."
-16023,Steelers D/ST,DST,99,99,122,7.43,8.004930515,20,3,AVERAGE,Steelers D/ST is projected for 7.4 PPG off an ADP of 122.0. Over his last 3 seasons he's landed at 0.97x his preseason projection. Production and cost look roughly in line with expectations.
-16017,Patriots D/ST,DST,99,99,128.2,5.9,6.361152568,23,3,AVERAGE,Patriots D/ST is projected for 5.9 PPG off an ADP of 128.2. Over his last 3 seasons he's landed at 1.05x his preseason projection. Production and cost look roughly in line with expectations.
-16021,Eagles D/ST,DST,99,99,133.6,6.28,7.79521311,23,3,AVERAGE,Eagles D/ST is projected for 6.3 PPG off an ADP of 133.6. Over his last 3 seasons he's landed at 1.41x his preseason projection. Production and cost look roughly in line with expectations.
-16033,Ravens D/ST,DST,99,99,137.8,6.94,6.278280638,22,3,BUST,"Ravens D/ST is projected for 6.9 PPG off an ADP of 137.8. Over his last 3 seasons he's landed at 0.72x his preseason projection. Age, injury trend, and comparable outcomes point to real disappointment risk."
-16008,Lions D/ST,DST,99,99,156.1,6.36,5.781121017,21,3,AVERAGE,Lions D/ST is projected for 6.4 PPG off an ADP of 156.1. Over his last 3 seasons he's landed at 0.84x his preseason projection. Production and cost look roughly in line with expectations.
-16005,Browns D/ST,DST,99,99,157.2,6.11,7.057049449,21,3,AVERAGE,Browns D/ST is projected for 6.1 PPG off an ADP of 157.2. Over his last 3 seasons he's landed at 1.29x his preseason projection. Production and cost look roughly in line with expectations.
-16016,Vikings D/ST,DST,99,99,158.3,4.22,5.088384256,20,3,OVERVALUED,Vikings D/ST is projected for 4.2 PPG off an ADP of 158.3. Over his last 3 seasons he's landed at 1.38x his preseason projection. His draft cost is running ahead of what the data supports.
-16030,Jaguars D/ST,DST,99,99,159,4.77,4.702906946,20,3,WILDCARD,Jaguars D/ST is projected for 4.8 PPG off an ADP of 159.0. Over his last 3 seasons he's landed at 0.95x his preseason projection. Outcomes here run wide — real weekly-winner upside with real downside risk.
-16024,Chargers D/ST,DST,99,99,163.3,5.53,7.069820854,17,3,SLEEPER,Chargers D/ST is projected for 5.5 PPG off an ADP of 163.3. Over his last 3 seasons he's landed at 1.56x his preseason projection. His ADP undersells his likely output — worth a look in the later rounds.
-16012,Chiefs D/ST,DST,99,99,165.6,5.91,5.694012209,18,3,AVERAGE,Chiefs D/ST is projected for 5.9 PPG off an ADP of 165.6. Over his last 3 seasons he's landed at 0.93x his preseason projection. Production and cost look roughly in line with expectations.
-16006,Cowboys D/ST,DST,99,99,167.6,3.8,3.136122641,15,3,BUST,"Cowboys D/ST is projected for 3.8 PPG off an ADP of 167.6. Over his last 3 seasons he's landed at 0.66x his preseason projection. Age, injury trend, and comparable outcomes point to real disappointment risk."
-16009,Packers D/ST,DST,99,99,168.2,5.25,5.346587455,15,3,AVERAGE,Packers D/ST is projected for 5.2 PPG off an ADP of 168.2. Over his last 3 seasons he's landed at 1.13x his preseason projection. Production and cost look roughly in line with expectations.
-16025,49ers D/ST,DST,99,99,168.5,4.83,4.329611925,32,3,BUST,"49ers D/ST is projected for 4.8 PPG off an ADP of 168.5. Over his last 3 seasons he's landed at 0.73x his preseason projection. Age, injury trend, and comparable outcomes point to real disappointment risk."
-16027,Buccaneers D/ST,DST,99,99,169.2,5.46,5.765373552,30,3,SLEEPER,Buccaneers D/ST is projected for 5.5 PPG off an ADP of 169.2. Over his last 3 seasons he's landed at 1.02x his preseason projection. His ADP undersells his likely output — worth a look in the later rounds.
-16003,Bears D/ST,DST,99,99,169.2,4.95,5.050673897,30,3,AVERAGE,Bears D/ST is projected for 5.0 PPG off an ADP of 169.2. Over his last 3 seasons he's landed at 0.95x his preseason projection. Production and cost look roughly in line with expectations.
-16004,Bengals D/ST,DST,99,99,169.3,4.98,4.733011385,31,3,RISKY,"Bengals D/ST is projected for 5.0 PPG off an ADP of 169.3. Over his last 3 seasons he's landed at 0.79x his preseason projection. Health, role, or situational uncertainty make him a volatile bet."
-16019,Giants D/ST,DST,99,99,169.3,4.09,4.00385087,32,3,RISKY,"Giants D/ST is projected for 4.1 PPG off an ADP of 169.3. Over his last 3 seasons he's landed at 0.85x his preseason projection. Health, role, or situational uncertainty make him a volatile bet."
-16002,Bills D/ST,DST,99,99,169.3,3.37,4.077869436,32,3,AVERAGE,Bills D/ST is projected for 3.4 PPG off an ADP of 169.3. Over his last 3 seasons he's landed at 1.34x his preseason projection. Production and cost look roughly in line with expectations.
-16028,Commanders D/ST,DST,99,99,169.6,3.62,3.593853065,30,3,RISKY,"Commanders D/ST is projected for 3.6 PPG off an ADP of 169.6. Over his last 3 seasons he's landed at 0.88x his preseason projection. Health, role, or situational uncertainty make him a volatile bet."
-16015,Dolphins D/ST,DST,99,99,169.6,2.6,2.545545739,30,3,OVERVALUED,Dolphins D/ST is projected for 2.6 PPG off an ADP of 169.6. Over his last 3 seasons he's landed at 0.85x his preseason projection. His draft cost is running ahead of what the data supports.
-16029,Panthers D/ST,DST,99,99,169.7,4.41,4.535350672,30,3,SLEEPER,Panthers D/ST is projected for 4.4 PPG off an ADP of 169.7. Over his last 3 seasons he's landed at 0.99x his preseason projection. His ADP undersells his likely output — worth a look in the later rounds.
-16013,Raiders D/ST,DST,99,99,169.7,3.36,3.51996282,30,3,AVERAGE,Raiders D/ST is projected for 3.4 PPG off an ADP of 169.7. Over his last 3 seasons he's landed at 1.03x his preseason projection. Production and cost look roughly in line with expectations.
-16022,Cardinals D/ST,DST,99,99,169.7,3.02,3.351457682,30,3,RISKY,"Cardinals D/ST is projected for 3.0 PPG off an ADP of 169.7. Over his last 3 seasons he's landed at 1.16x his preseason projection. Health, role, or situational uncertainty make him a volatile bet."
-16010,Titans D/ST,DST,99,99,169.9,3.94,3.763897996,29,3,AVERAGE,Titans D/ST is projected for 3.9 PPG off an ADP of 169.9. Over his last 3 seasons he's landed at 0.84x his preseason projection. Production and cost look roughly in line with expectations.
-16020,Jets D/ST,DST,99,99,170,4.79,3.29800812,10,3,RISKY,"Jets D/ST is projected for 4.8 PPG off an ADP of 170.0. Over his last 3 seasons he's landed at 0.50x his preseason projection. Health, role, or situational uncertainty make him a volatile bet."
-16001,Falcons D/ST,DST,99,99,170,3.53,3.681059522,9,3,RISKY,"Falcons D/ST is projected for 3.5 PPG off an ADP of 170.0. Over his last 3 seasons he's landed at 1.20x his preseason projection. Health, role, or situational uncertainty make him a volatile bet."
-16018,Saints D/ST,DST,99,99,170.2,4.74,5.130534985,8,3,DIAMOND,Saints D/ST is projected for 4.7 PPG off an ADP of 170.2. Over his last 3 seasons he's landed at 1.27x his preseason projection. He's being drafted well below his projected output — a clear value target.
-16011,Colts D/ST,DST,99,99,170.5,5.15,4.502241178,7,3,DIAMOND,Colts D/ST is projected for 5.2 PPG off an ADP of 170.5. Over his last 3 seasons he's landed at 0.75x his preseason projection. He's being drafted well below his projected output — a clear value target.
3953687,Brandon Aubrey,K,31,3,84,10.09,11.68806229,14,3,STAR,"Brandon Aubrey is projected for 10.1 PPG off an ADP of 84.0. Over his last 3 seasons he's landed at 1.33x his preseason projection. He's an established, consistent difference-maker at the position."
4362081,Cameron Dicker,K,26,4,108.7,9.51,10.17691144,12,3,STAR,"Cameron Dicker is projected for 9.5 PPG off an ADP of 108.7. Over his last 3 seasons he's landed at 1.16x his preseason projection. He's an established, consistent difference-maker at the position."
2473037,Jason Myers,K,35,11,121.9,9.32,10.20405984,5,3,STAR,"Jason Myers is projected for 9.3 PPG off an ADP of 121.9. Over his last 3 seasons he's landed at 1.19x his preseason projection. He's an established, consistent difference-maker at the position."
2971573,Ka'imi Fairbairn,K,32,10,126,9.28,11.14021033,13,3,BREAKOUT,"Ka'imi Fairbairn is projected for 9.3 PPG off an ADP of 126.0. Over his last 3 seasons he's landed at 1.34x his preseason projection. Age, trend, and role all point toward a real step forward this year."
4686361,Cam Little,K,23,2,135.2,8.63,9.421991831,8,2,BREAKOUT,"Cam Little is projected for 8.6 PPG off an ADP of 135.2. Over his last 2 seasons he's landed at 1.08x his preseason projection. Age, trend, and role all point toward a real step forward this year."
4574716,Harrison Mevis,K,24,1,137.2,9.38,9.38,11,1,AVERAGE,Harrison Mevis is projected for 9.4 PPG off an ADP of 137.2. Similar kicker profiles (11 comps) hit their projection 36% of the time and busted 0% of the time. Production and cost look roughly in line with expectations.
4034949,Eddy Pineiro,K,30,8,147.8,9.14,8.56757414,27,3,OVERVALUED,Eddy Pineiro is projected for 9.1 PPG off an ADP of 147.8. Over his last 3 seasons he's landed at 0.85x his preseason projection. His draft cost is running ahead of what the data supports.
4689936,Jake Bates,K,27,2,151.2,8.58,8.683445516,22,2,AVERAGE,Jake Bates is projected for 8.6 PPG off an ADP of 151.2. Over his last 2 seasons he's landed at 1.07x his preseason projection. Production and cost look roughly in line with expectations.
3055899,Harrison Butker,K,31,9,154.3,8.73,8.972549527,24,3,AVERAGE,Harrison Butker is projected for 8.7 PPG off an ADP of 154.3. Over his last 3 seasons he's landed at 0.99x his preseason projection. Production and cost look roughly in line with expectations.
4697745,Tyler Loop,K,25,1,161.4,8.58,9.041185479,12,1,AVERAGE,Tyler Loop is projected for 8.6 PPG off an ADP of 161.4. Similar kicker profiles (12 comps) hit their projection 25% of the time and busted 0% of the time. Production and cost look roughly in line with expectations.
17372,Chris Boswell,K,35,12,161.8,8.39,9.109855885,5,3,AVERAGE,Chris Boswell is projected for 8.4 PPG off an ADP of 161.8. Over his last 3 seasons he's landed at 1.17x his preseason projection. Production and cost look roughly in line with expectations.
4567104,Will Reichard,K,25,2,164.9,8.36,9.358585462,18,2,AVERAGE,Will Reichard is projected for 8.4 PPG off an ADP of 164.9. Over his last 2 seasons he's landed at 1.24x his preseason projection. Production and cost look roughly in line with expectations.
17427,Cairo Santos,K,34,12,166,8.49,8.750191143,11,3,AVERAGE,Cairo Santos is projected for 8.5 PPG off an ADP of 166.0. Over his last 3 seasons he's landed at 0.97x his preseason projection. Production and cost look roughly in line with expectations.
3150744,Chase McLaughlin,K,30,7,168,8.36,8.701086517,31,3,AVERAGE,Chase McLaughlin is projected for 8.4 PPG off an ADP of 168.0. Over his last 3 seasons he's landed at 1.12x his preseason projection. Production and cost look roughly in line with expectations.
4360234,Evan McPherson,K,27,5,168.8,8.36,7.985072337,25,3,AVERAGE,Evan McPherson is projected for 8.4 PPG off an ADP of 168.8. Over his last 3 seasons he's landed at 0.95x his preseason projection. Production and cost look roughly in line with expectations.
3050478,Jake Elliott,K,31,9,169.3,7.99,7.60097127,26,3,AVERAGE,Jake Elliott is projected for 8.0 PPG off an ADP of 169.3. Over his last 3 seasons he's landed at 0.93x his preseason projection. Production and cost look roughly in line with expectations.
4249087,Matt Gay,K,32,7,169.5,7.36,7.485316164,20,3,OVERVALUED,Matt Gay is projected for 7.4 PPG off an ADP of 169.5. Over his last 3 seasons he's landed at 0.99x his preseason projection. His draft cost is running ahead of what the data supports.
15683,Justin Tucker,K,36,14,169.6,0,0,8,3,BUST,"Justin Tucker is projected for 0.0 PPG off an ADP of 169.6. Over his last 3 seasons he's landed at 1.01x his preseason projection. Age, injury trend, and comparable outcomes point to real disappointment risk."
4570688,Caden Davis,K,25,0,169.7,0,0,17,0,FADE,Caden Davis is projected for 0.0 PPG off an ADP of 169.7. Similar kicker profiles (17 comps) hit their projection 29% of the time and busted 0% of the time. The gap between cost and expected output makes him easy to pass on.
10621,Nick Folk,K,41,19,169.8,8.3,8.176476871,2,3,SLEEPER,Nick Folk is projected for 8.3 PPG off an ADP of 169.8. Over his last 3 seasons he's landed at 0.97x his preseason projection. His ADP undersells his likely output — worth a look in the later rounds.
3917232,Tyler Bass,K,29,6,169.8,8.04,6.62146197,16,3,BUST,"Tyler Bass is projected for 8.0 PPG off an ADP of 169.8. Over his last 3 seasons he's landed at 0.67x his preseason projection. Age, injury trend, and comparable outcomes point to real disappointment risk."
4372066,Jake Moody,K,26,3,169.8,7.56,7.857466218,14,3,AVERAGE,Jake Moody is projected for 7.6 PPG off an ADP of 169.8. Over his last 3 seasons he's landed at 1.06x his preseason projection. Production and cost look roughly in line with expectations.
4568263,Ryan Fitzgerald,K,26,1,169.8,7.3,7.252013125,14,1,AVERAGE,Ryan Fitzgerald is projected for 7.3 PPG off an ADP of 169.8. Similar kicker profiles (14 comps) hit their projection 29% of the time and busted 0% of the time. Production and cost look roughly in line with expectations.
4258620,Andre Szmyt,K,27,1,169.8,7.14,7.063260976,16,1,STARTER,"Andre Szmyt is projected for 7.1 PPG off an ADP of 169.8. Similar kicker profiles (16 comps) hit their projection 19% of the time and busted 0% of the time. Expect steady, dependable production in line with a solid weekly starter."
3049899,Younghoe Koo,K,32,9,169.8,0,0,13,3,FADE,Younghoe Koo is projected for 0.0 PPG off an ADP of 169.8. Over his last 3 seasons he's landed at 0.88x his preseason projection. The gap between cost and expected output makes him easy to pass on.
11122,Matt Prater,K,42,19,169.8,0,0,1,3,FADE,Matt Prater is projected for 0.0 PPG off an ADP of 169.8. Over his last 3 seasons he's landed at 0.95x his preseason projection. The gap between cost and expected output makes him easy to pass on.
4571557,Spencer Shrader,K,27,2,169.8,0,0,16,2,FADE,Spencer Shrader is projected for 0.0 PPG off an ADP of 169.8. Over his last 2 seasons he's landed at 1.44x his preseason projection. The gap between cost and expected output makes him easy to pass on.
4566158,Ben Sauls,K,25,0,169.9,0,0,15,0,OVERVALUED,Ben Sauls is projected for 0.0 PPG off an ADP of 169.9. Similar kicker profiles (15 comps) hit their projection 20% of the time and busted 0% of the time. His draft cost is running ahead of what the data supports.
4363538,Chad Ryland,K,26,3,169.9,7.16,7.1772451,13,3,SLEEPER,Chad Ryland is projected for 7.2 PPG off an ADP of 169.9. Over his last 3 seasons he's landed at 0.95x his preseason projection. His ADP undersells his likely output — worth a look in the later rounds.
3124679,Jason Sanders,K,30,8,169.9,7.55,6.653441693,7,3,STARTER,"Jason Sanders is projected for 7.5 PPG off an ADP of 169.9. Over his last 3 seasons he's landed at 0.76x his preseason projection. Expect steady, dependable production in line with a solid weekly starter."
12460,Graham Gano,K,39,17,169.9,0,0,4,3,BUST,"Graham Gano is projected for 0.0 PPG off an ADP of 169.9. Over his last 3 seasons he's landed at 0.79x his preseason projection. Age, injury trend, and comparable outcomes point to real disappointment risk."
4243371,Riley Patterson,K,27,5,169.9,0,0,13,3,OVERVALUED,Riley Patterson is projected for 0.0 PPG off an ADP of 169.9. Over his last 3 seasons he's landed at 1.03x his preseason projection. His draft cost is running ahead of what the data supports.
4428963,Cade York,K,25,2,169.9,0,0,14,2,OVERVALUED,Cade York is projected for 0.0 PPG off an ADP of 169.9. Over his last 2 seasons he's landed at 0.98x his preseason projection. His draft cost is running ahead of what the data supports.
4696736,Tanner Brown,K,26,0,169.9,0,0,14,0,OVERVALUED,Tanner Brown is projected for 0.0 PPG off an ADP of 169.9. Similar kicker profiles (14 comps) hit their projection 21% of the time and busted 0% of the time. His draft cost is running ahead of what the data supports.
4566192,Joshua Karty,K,24,3,169.9,0,0,13,1,OVERVALUED,Joshua Karty is projected for 0.0 PPG off an ADP of 169.9. Similar kicker profiles (13 comps) hit their projection 23% of the time and busted 0% of the time. His draft cost is running ahead of what the data supports.
4361765,Brayden Narveson,K,26,0,169.9,0,0,13,1,OVERVALUED,Brayden Narveson is projected for 0.0 PPG off an ADP of 169.9. Similar kicker profiles (13 comps) hit their projection 23% of the time and busted 0% of the time. His draft cost is running ahead of what the data supports.
5092436,Jude McAtamney,K,26,1,169.9,0,0,14,1,OVERVALUED,Jude McAtamney is projected for 0.0 PPG off an ADP of 169.9. Similar kicker profiles (14 comps) hit their projection 21% of the time and busted 0% of the time. His draft cost is running ahead of what the data supports.
3043234,Zane Gonzalez,K,31,9,170,7.49,7.49,1,3,BREAKOUT,"Zane Gonzalez is projected for 7.5 PPG off an ADP of 170.0. Limited historical comps make this a lower-confidence read. Age, trend, and role all point toward a real step forward this year."
3124084,Joey Slye,K,30,7,170,7.24,7.058831906,0,3,DIAMOND,Joey Slye is projected for 7.2 PPG off an ADP of 170.0. Over his last 3 seasons he's landed at 0.95x his preseason projection. He's being drafted well below his projected output — a clear value target.
3975763,Greg Joseph,K,32,8,170,0,0,1,3,RISKY,"Greg Joseph is projected for 0.0 PPG off an ADP of 170.0. Over his last 3 seasons he's landed at 0.83x his preseason projection. Health, role, or situational uncertainty make him a volatile bet."
3123052,Michael Badgley,K,31,8,170,0,0,1,3,STARTER,"Michael Badgley is projected for 0.0 PPG off an ADP of 170.0. Limited historical comps make this a lower-confidence read. Expect steady, dependable production in line with a solid weekly starter."
3051909,Daniel Carlson,K,31,8,170,0,0,1,3,RISKY,"Daniel Carlson is projected for 0.0 PPG off an ADP of 170.0. Over his last 3 seasons he's landed at 0.89x his preseason projection. Health, role, or situational uncertainty make him a volatile bet."
16339,Brandon McManus,K,35,12,170,0,0,1,3,RISKY,"Brandon McManus is projected for 0.0 PPG off an ADP of 170.0. Over his last 3 seasons he's landed at 0.98x his preseason projection. Health, role, or situational uncertainty make him a volatile bet."
15965,Dustin Hopkins,K,35,13,170,0,0,1,3,RISKY,"Dustin Hopkins is projected for 0.0 PPG off an ADP of 170.0. Over his last 3 seasons he's landed at 0.90x his preseason projection. Health, role, or situational uncertainty make him a volatile bet."
14993,Greg Zuerlein,K,38,14,170,0,0,0,3,RISKY,"Greg Zuerlein is projected for 0.0 PPG off an ADP of 170.0. Over his last 3 seasons he's landed at 0.82x his preseason projection. Health, role, or situational uncertainty make him a volatile bet."
3128444,Matthew Wright,K,30,6,170,0,0,0,3,BREAKOUT,"Matthew Wright is projected for 0.0 PPG off an ADP of 170.0. Limited historical comps make this a lower-confidence read. Age, trend, and role all point toward a real step forward this year."
4242519,Anders Carlson,K,28,3,170,0,0,3,3,STARTER,"Anders Carlson is projected for 0.0 PPG off an ADP of 170.0. Limited historical comps make this a lower-confidence read. Expect steady, dependable production in line with a solid weekly starter."
4245661,Lucas Havrisik,K,26,2,170,0,0,5,2,BREAKOUT,"Lucas Havrisik is projected for 0.0 PPG off an ADP of 170.0. Limited historical comps make this a lower-confidence read. Age, trend, and role all point toward a real step forward this year."
4051167,Parker Romo,K,29,1,170,0,0,3,1,AVERAGE,Parker Romo is projected for 0.0 PPG off an ADP of 170.0. Limited historical comps make this a lower-confidence read. Production and cost look roughly in line with expectations.
3821683,Austin Seibert,K,29,7,170.1,0,0,1,3,SLEEPER,Austin Seibert is projected for 0.0 PPG off an ADP of 170.1. Limited historical comps make this a lower-confidence read. His ADP undersells his likely output — worth a look in the later rounds.
5208518,Charlie Smyth,K,25,1,170.2,8.09,8.09,4,0,DIAMOND,Charlie Smyth is projected for 8.1 PPG off an ADP of 170.2. Limited historical comps make this a lower-confidence read. He's being drafted well below his projected output — a clear value target.
2985659,Wil Lutz,K,32,10,170.2,7.98,8.318307526,1,3,DIAMOND,Wil Lutz is projected for 8.0 PPG off an ADP of 170.2. Over his last 3 seasons he's landed at 1.08x his preseason projection. He's being drafted well below his projected output — a clear value target.
4259619,Blake Grupe,K,27,3,170.4,7.81,8.013512,1,3,DIAMOND,Blake Grupe is projected for 7.8 PPG off an ADP of 170.4. Over his last 3 seasons he's landed at 1.05x his preseason projection. He's being drafted well below his projected output — a clear value target.
4569923,Andy Borregales,K,23,1,170.4,7.59,7.812793536,0,1,DIAMOND,Andy Borregales is projected for 7.6 PPG off an ADP of 170.4. Limited historical comps make this a lower-confidence read. He's being drafted well below his projected output — a clear value target.
3918298,Josh Allen,QB,30,8,23.5,21.72,21.90207799,11,3,STAR,"Josh Allen is projected for 21.7 PPG off an ADP of 23.5. Over his last 3 seasons he's landed at 1.03x his preseason projection. He's an established, consistent difference-maker at the position."
3916387,Lamar Jackson,QB,29,8,37.5,18.94,19.01313465,18,3,STAR,"Lamar Jackson is projected for 18.9 PPG off an ADP of 37.5. Over his last 3 seasons he's landed at 1.01x his preseason projection. He's an established, consistent difference-maker at the position."
4431452,Drake Maye,QB,24,2,49.6,18.77,18.83132122,23,2,STAR,"Drake Maye is projected for 18.8 PPG off an ADP of 49.6. Over his last 2 seasons he's landed at 1.08x his preseason projection. He's an established, consistent difference-maker at the position."
4426348,Jayden Daniels,QB,25,2,52.8,18.73,18.68059508,26,2,AVERAGE,Jayden Daniels is projected for 18.7 PPG off an ADP of 52.8. Over his last 2 seasons he's landed at 0.99x his preseason projection. Production and cost look roughly in line with expectations.
3915511,Joe Burrow,QB,29,6,57,17.88,18.02969259,19,3,AVERAGE,Joe Burrow is projected for 17.9 PPG off an ADP of 57.0. Over his last 3 seasons he's landed at 1.02x his preseason projection. Production and cost look roughly in line with expectations.
4040715,Jalen Hurts,QB,28,6,58.3,18.84,18.32522673,23,3,STAR,"Jalen Hurts is projected for 18.8 PPG off an ADP of 58.3. Over his last 3 seasons he's landed at 0.94x his preseason projection. He's an established, consistent difference-maker at the position."
4689114,Jaxson Dart,QB,23,1,73.4,17.71,17.82328845,22,1,AVERAGE,Jaxson Dart is projected for 17.7 PPG off an ADP of 73.4. Similar quarterback profiles (22 comps) hit their projection 18% of the time and busted 18% of the time. Production and cost look roughly in line with expectations.
12483,Matthew Stafford,QB,38,17,92.5,17.25,17.74633613,4,3,STAR,"Matthew Stafford is projected for 17.2 PPG off an ADP of 92.5. Over his last 3 seasons he's landed at 1.06x his preseason projection. He's an established, consistent difference-maker at the position."
2577417,Dak Prescott,QB,33,10,96.7,16.82,16.35024268,3,3,RISKY,"Dak Prescott is projected for 16.8 PPG off an ADP of 96.7. Over his last 3 seasons he's landed at 0.94x his preseason projection. Health, role, or situational uncertainty make him a volatile bet."
4431611,Caleb Williams,QB,24,2,97.8,16.57,15.87253601,26,2,AVERAGE,Caleb Williams is projected for 16.6 PPG off an ADP of 97.8. Over his last 2 seasons he's landed at 1.01x his preseason projection. Production and cost look roughly in line with expectations.
4361741,Brock Purdy,QB,26,4,101.8,17.24,17.24494492,31,3,AVERAGE,Brock Purdy is projected for 17.2 PPG off an ADP of 101.8. Over his last 3 seasons he's landed at 1.06x his preseason projection. Production and cost look roughly in line with expectations.
3139477,Patrick Mahomes,QB,30,9,111.2,17.04,16.89105236,16,3,RISKY,"Patrick Mahomes is projected for 17.0 PPG off an ADP of 111.2. Over his last 3 seasons he's landed at 0.97x his preseason projection. Health, role, or situational uncertainty make him a volatile bet."
4360310,Trevor Lawrence,QB,26,5,112.6,16.91,16.61758119,36,3,AVERAGE,Trevor Lawrence is projected for 16.9 PPG off an ADP of 112.6. Over his last 3 seasons he's landed at 1.04x his preseason projection. Production and cost look roughly in line with expectations.
4426338,Bo Nix,QB,26,2,115.6,17.34,17.72309146,36,2,RISKY,"Bo Nix is projected for 17.3 PPG off an ADP of 115.6. Over his last 2 seasons he's landed at 1.18x his preseason projection. Health, role, or situational uncertainty make him a volatile bet."
4038941,Justin Herbert,QB,28,6,120.4,16.63,16.79160063,30,3,AVERAGE,Justin Herbert is projected for 16.6 PPG off an ADP of 120.4. Over his last 3 seasons he's landed at 1.04x his preseason projection. Production and cost look roughly in line with expectations.
3046779,Jared Goff,QB,31,10,149.5,15.76,15.51654463,11,3,AVERAGE,Jared Goff is projected for 15.8 PPG off an ADP of 149.5. Over his last 3 seasons he's landed at 1.18x his preseason projection. Production and cost look roughly in line with expectations.
3052587,Baker Mayfield,QB,31,8,155.2,15.58,14.80020988,11,3,AVERAGE,Baker Mayfield is projected for 15.6 PPG off an ADP of 155.2. Over his last 3 seasons he's landed at 1.10x his preseason projection. Production and cost look roughly in line with expectations.
3917315,Kyler Murray,QB,29,7,155.4,14.74,14.12102191,25,3,AVERAGE,Kyler Murray is projected for 14.7 PPG off an ADP of 155.4. Over his last 3 seasons he's landed at 0.93x his preseason projection. Production and cost look roughly in line with expectations.
4360689,Tyler Shough,QB,26,1,157,15.56,14.09463844,40,1,AVERAGE,Tyler Shough is projected for 15.6 PPG off an ADP of 157.0. Similar quarterback profiles (40 comps) hit their projection 15% of the time and busted 25% of the time. Production and cost look roughly in line with expectations.
4036378,Jordan Love,QB,27,6,162,15.25,14.16228158,36,3,AVERAGE,Jordan Love is projected for 15.2 PPG off an ADP of 162.0. Over his last 3 seasons he's landed at 0.96x his preseason projection. Production and cost look roughly in line with expectations.
3912547,Sam Darnold,QB,29,8,165.3,14.25,14.24954931,27,3,BREAKOUT,"Sam Darnold is projected for 14.2 PPG off an ADP of 165.3. Over his last 3 seasons he's landed at 1.10x his preseason projection. Age, trend, and role all point toward a real step forward this year."
3917792,Daniel Jones,QB,29,7,165.9,15.7,14.63243692,27,3,RISKY,"Daniel Jones is projected for 15.7 PPG off an ADP of 165.9. Over his last 3 seasons he's landed at 0.95x his preseason projection. Health, role, or situational uncertainty make him a volatile bet."
4837248,Fernando Mendoza,QB,22,0,166.1,11.02,8.327562771,22,0,OVERVALUED,Fernando Mendoza is projected for 11.0 PPG off an ADP of 166.1. Similar quarterback profiles (22 comps) hit their projection 18% of the time and busted 27% of the time. His draft cost is running ahead of what the data supports.
4432577,C.J. Stroud,QB,24,3,166.9,14.45,11.52992837,37,3,AVERAGE,C.J. Stroud is projected for 14.4 PPG off an ADP of 166.9. Over his last 3 seasons he's landed at 0.80x his preseason projection. Production and cost look roughly in line with expectations.
4242512,Malik Willis,QB,27,4,167.5,13.99,327.3268149,38,3,BREAKOUT,"Malik Willis is projected for 14.0 PPG off an ADP of 167.5. Over his last 3 seasons he's landed at 45.90x his preseason projection. Age, trend, and role all point toward a real step forward this year."
4688380,Cam Ward,QB,24,1,167.5,12.87,10.00828597,38,1,OVERVALUED,Cam Ward is projected for 12.9 PPG off an ADP of 167.5. Similar quarterback profiles (38 comps) hit their projection 13% of the time and busted 29% of the time. His draft cost is running ahead of what the data supports.
4685720,Bryce Young,QB,25,3,168.6,13.98,12.3537069,39,3,AVERAGE,Bryce Young is projected for 14.0 PPG off an ADP of 168.6. Over his last 3 seasons he's landed at 0.90x his preseason projection. Production and cost look roughly in line with expectations.
8439,Aaron Rodgers,QB,42,21,169.6,12.82,12.4699739,1,3,BREAKOUT,"Aaron Rodgers is projected for 12.8 PPG off an ADP of 169.6. Over his last 3 seasons he's landed at 0.95x his preseason projection. Age, trend, and role all point toward a real step forward this year."
4432762,Shedeur Sanders,QB,24,1,169.6,5.67,4.379696879,35,1,OVERVALUED,Shedeur Sanders is projected for 5.7 PPG off an ADP of 169.6. Similar quarterback profiles (35 comps) hit their projection 11% of the time and busted 31% of the time. His draft cost is running ahead of what the data supports.
4433970,J.J. McCarthy,QB,23,2,169.6,2.35,1.806352467,28,2,OVERVALUED,J.J. McCarthy is projected for 2.4 PPG off an ADP of 169.6. Over his last 2 seasons he's landed at 0.75x his preseason projection. His draft cost is running ahead of what the data supports.
5529,Philip Rivers,QB,44,22,169.7,0,0,0,0,FADE,Philip Rivers is projected for 0.0 PPG off an ADP of 169.7. Limited historical comps make this a lower-confidence read. The gap between cost and expected output makes him easy to pass on.
4430841,Carson Beck,QB,23,0,169.9,7.23,4.815376153,26,0,AVERAGE,Carson Beck is projected for 7.2 PPG off an ADP of 169.9. Similar quarterback profiles (26 comps) hit their projection 15% of the time and busted 35% of the time. Production and cost look roughly in line with expectations.
4362887,Justin Fields,QB,27,5,169.9,0.62,0.483437834,26,3,OVERVALUED,Justin Fields is projected for 0.6 PPG off an ADP of 169.9. Over his last 3 seasons he's landed at 0.78x his preseason projection. His draft cost is running ahead of what the data supports.
11252,Joe Flacco,QB,41,18,169.9,0.62,0.746621244,2,3,OVERVALUED,Joe Flacco is projected for 0.6 PPG off an ADP of 169.9. Over his last 3 seasons he's landed at 1.41x his preseason projection. His draft cost is running ahead of what the data supports.
4685522,Ty Simpson,QB,23,0,169.9,0.59,0.392956007,26,0,OVERVALUED,Ty Simpson is projected for 0.6 PPG off an ADP of 169.9. Similar quarterback profiles (26 comps) hit their projection 15% of the time and busted 35% of the time. His draft cost is running ahead of what the data supports.
4240391,Tommy DeVito,QB,28,3,169.9,0.61,0.61,25,3,BUST,"Tommy DeVito is projected for 0.6 PPG off an ADP of 169.9. Similar quarterback profiles (25 comps) hit their projection 24% of the time and busted 44% of the time. Age, injury trend, and comparable outcomes point to real disappointment risk."
4434153,Tyson Bagent,QB,26,3,169.9,0.59,1.064297608,29,3,BUST,"Tyson Bagent is projected for 0.6 PPG off an ADP of 169.9. Over his last 3 seasons he's landed at 2.86x his preseason projection. Age, injury trend, and comparable outcomes point to real disappointment risk."
4685201,Tanner McKee,QB,26,3,169.9,0.56,8.228352532,30,3,AVERAGE,Tanner McKee is projected for 0.6 PPG off an ADP of 169.9. Over his last 3 seasons he's landed at 28.67x his preseason projection. Production and cost look roughly in line with expectations.
4426339,Spencer Rattler,QB,25,2,169.9,0.52,0.436608164,32,2,OVERVALUED,Spencer Rattler is projected for 0.5 PPG off an ADP of 169.9. Over his last 2 seasons he's landed at 1.03x his preseason projection. His draft cost is running ahead of what the data supports.
4035671,Tyler Huntley,QB,28,6,169.9,0.51,0.51,25,3,OVERVALUED,Tyler Huntley is projected for 0.5 PPG off an ADP of 169.9. Similar quarterback profiles (25 comps) hit their projection 24% of the time and busted 44% of the time. His draft cost is running ahead of what the data supports.
4889929,Quinn Ewers,QB,23,1,169.9,0.43,0.43,26,1,OVERVALUED,Quinn Ewers is projected for 0.4 PPG off an ADP of 169.9. Similar quarterback profiles (26 comps) hit their projection 15% of the time and busted 35% of the time. His draft cost is running ahead of what the data supports.
4361259,Zach Wilson,QB,27,5,169.9,0,0,26,3,BUST,"Zach Wilson is projected for 0.0 PPG off an ADP of 169.9. Over his last 3 seasons he's landed at 2.50x his preseason projection. Age, injury trend, and comparable outcomes point to real disappointment risk."
4427238,Dillon Gabriel,QB,25,1,169.9,0,0,32,1,FADE,Dillon Gabriel is projected for 0.0 PPG off an ADP of 169.9. Similar quarterback profiles (32 comps) hit their projection 16% of the time and busted 44% of the time. The gap between cost and expected output makes him easy to pass on.
4361653,Devin Leary,QB,26,1,169.9,0,0,30,1,FADE,Devin Leary is projected for 0.0 PPG off an ADP of 169.9. Similar quarterback profiles (30 comps) hit their projection 13% of the time and busted 47% of the time. The gap between cost and expected output makes him easy to pass on.
4685039,Michael Pratt,QB,24,1,169.9,0,0,34,1,FADE,Michael Pratt is projected for 0.0 PPG off an ADP of 169.9. Similar quarterback profiles (34 comps) hit their projection 15% of the time and busted 38% of the time. The gap between cost and expected output makes him easy to pass on.
3122840,Deshaun Watson,QB,30,9,170,7.28,87.19865333,19,3,SLEEPER,Deshaun Watson is projected for 7.3 PPG off an ADP of 170.0. Over his last 3 seasons he's landed at 0.64x his preseason projection. His ADP undersells his likely output — worth a look in the later rounds.
14880,Kirk Cousins,QB,38,14,170,2.71,51.95145323,4,3,DIAMOND,Kirk Cousins is projected for 2.7 PPG off an ADP of 170.0. Over his last 3 seasons he's landed at 37.34x his preseason projection. He's being drafted well below his projected output — a clear value target.
4360423,Michael Penix Jr.,QB,26,2,170,6.68,89.05478896,17,2,SLEEPER,Michael Penix Jr. is projected for 6.7 PPG off an ADP of 170.0. Over his last 2 seasons he's landed at 1.01x his preseason projection. His ADP undersells his likely output — worth a look in the later rounds.
4241464,Mac Jones,QB,28,5,170,0.51,17.11731041,16,3,SLEEPER,Mac Jones is projected for 0.5 PPG off an ADP of 170.0. Over his last 3 seasons he's landed at 49.87x his preseason projection. His ADP undersells his likely output — worth a look in the later rounds.
3116407,Mason Rudolph,QB,31,8,170,0.52,10.01338533,16,3,SLEEPER,Mason Rudolph is projected for 0.5 PPG off an ADP of 170.0. Over his last 3 seasons he's landed at 12.37x his preseason projection. His ADP undersells his likely output — worth a look in the later rounds.
2969939,Jameis Winston,QB,32,11,170,0.51,8.600431921,12,3,BREAKOUT,"Jameis Winston is projected for 0.5 PPG off an ADP of 170.0. Over his last 3 seasons he's landed at 1.55x his preseason projection. Age, trend, and role all point toward a real step forward this year."
4429084,Anthony Richardson Sr.,QB,24,3,170,0,0,17,3,BUST,"Anthony Richardson Sr. is projected for 0.0 PPG off an ADP of 170.0. Over his last 3 seasons he's landed at 0.43x his preseason projection. Age, injury trend, and comparable outcomes point to real disappointment risk."
4683423,Riley Leonard,QB,23,1,170,0.55,0.55,11,1,BREAKOUT,"Riley Leonard is projected for 0.6 PPG off an ADP of 170.0. Similar quarterback profiles (11 comps) hit their projection 45% of the time and busted 45% of the time. Age, trend, and role all point toward a real step forward this year."
4360698,Joe Milton III,QB,26,2,170,0.63,12.12012588,17,2,BREAKOUT,"Joe Milton III is projected for 0.6 PPG off an ADP of 170.0. Over his last 2 seasons he's landed at 17.20x his preseason projection. Age, trend, and role all point toward a real step forward this year."
3892775,Jarrett Stidham,QB,30,7,170,0.61,7.856474573,17,3,SLEEPER,Jarrett Stidham is projected for 0.6 PPG off an ADP of 170.0. Over his last 3 seasons he's landed at -0.35x his preseason projection. His ADP undersells his likely output — worth a look in the later rounds.
3059989,Nick Mullens,QB,31,9,170,0.61,8.43857273,16,3,SLEEPER,Nick Mullens is projected for 0.6 PPG off an ADP of 170.0. Over his last 3 seasons he's landed at -0.03x his preseason projection. His ADP undersells his likely output — worth a look in the later rounds.
2576980,Marcus Mariota,QB,32,11,170,0.6,29.98018103,11,3,WILDCARD,Marcus Mariota is projected for 0.6 PPG off an ADP of 170.0. Over his last 3 seasons he's landed at 71.31x his preseason projection. Outcomes here run wide — real weekly-winner upside with real downside risk.
16728,Teddy Bridgewater,QB,33,12,170,0.55,10.38598809,10,3,WILDCARD,Teddy Bridgewater is projected for 0.6 PPG off an ADP of 170.0. Over his last 3 seasons he's landed at 2.11x his preseason projection. Outcomes here run wide — real weekly-winner upside with real downside risk.
4383351,Trey Lance,QB,26,5,170,0.55,11.79186562,17,3,BREAKOUT,"Trey Lance is projected for 0.6 PPG off an ADP of 170.0. Over his last 3 seasons he's landed at 22.60x his preseason projection. Age, trend, and role all point toward a real step forward this year."
14163,Tyrod Taylor,QB,37,15,170,0.54,10.72977776,4,3,DIAMOND,Tyrod Taylor is projected for 0.5 PPG off an ADP of 170.0. Over his last 3 seasons he's landed at 38.74x his preseason projection. He's being drafted well below his projected output — a clear value target.
4240703,Kenny Pickett,QB,28,4,170,0.53,7.101744209,17,3,SLEEPER,Kenny Pickett is projected for 0.5 PPG off an ADP of 170.0. Over his last 3 seasons he's landed at 5.27x his preseason projection. His ADP undersells his likely output — worth a look in the later rounds.
4242546,Davis Mills,QB,27,5,170,0.49,15.11892541,19,3,BREAKOUT,"Davis Mills is projected for 0.5 PPG off an ADP of 170.0. Over his last 3 seasons he's landed at 44.08x his preseason projection. Age, trend, and role all point toward a real step forward this year."
3115293,Kyle Allen,QB,30,8,170,0.47,5.686800115,18,3,SLEEPER,Kyle Allen is projected for 0.5 PPG off an ADP of 170.0. Over his last 3 seasons he's landed at -0.47x his preseason projection. His ADP undersells his likely output — worth a look in the later rounds.
3924327,Drew Lock,QB,29,7,170,0.47,3.479155437,17,3,SLEEPER,Drew Lock is projected for 0.5 PPG off an ADP of 170.0. Over his last 3 seasons he's landed at 1.34x his preseason projection. His ADP undersells his likely output — worth a look in the later rounds.
3039707,Mitch Trubisky,QB,32,9,170,0.45,13.42797898,11,3,WILDCARD,Mitch Trubisky is projected for 0.5 PPG off an ADP of 170.0. Over his last 3 seasons he's landed at 30.02x his preseason projection. Outcomes here run wide — real weekly-winner upside with real downside risk.
4038524,Gardner Minshew,QB,30,7,170,0.48,5.935423462,18,3,SLEEPER,Gardner Minshew is projected for 0.5 PPG off an ADP of 170.0. Over his last 3 seasons he's landed at 0.09x his preseason projection. His ADP undersells his likely output — worth a look in the later rounds.
2574511,Brandon Allen,QB,34,10,170,0,0,7,3,RISKY,"Brandon Allen is projected for 0.0 PPG off an ADP of 170.0. Over his last 3 seasons he's landed at 7.33x his preseason projection. Health, role, or situational uncertainty make him a volatile bet."
3120590,Easton Stick,QB,30,7,170,0,0,19,3,BUST,"Easton Stick is projected for 0.0 PPG off an ADP of 170.0. Similar quarterback profiles (19 comps) hit their projection 58% of the time and busted 42% of the time. Age, injury trend, and comparable outcomes point to real disappointment risk."
2573079,Carson Wentz,QB,33,10,170,0,0,10,3,WILDCARD,Carson Wentz is projected for 0.0 PPG off an ADP of 170.0. Over his last 3 seasons he's landed at 44.05x his preseason projection. Outcomes here run wide — real weekly-winner upside with real downside risk.
14012,Andy Dalton,QB,38,15,170,0,0,2,3,RISKY,"Andy Dalton is projected for 0.0 PPG off an ADP of 170.0. Over his last 3 seasons he's landed at 7.47x his preseason projection. Health, role, or situational uncertainty make him a volatile bet."
15168,Case Keenum,QB,38,14,170,0,0,4,3,AVERAGE,Case Keenum is projected for 0.0 PPG off an ADP of 170.0. Limited historical comps make this a lower-confidence read. Production and cost look roughly in line with expectations.
11394,Josh Johnson,QB,40,18,170,0,0,1,3,BUST,"Josh Johnson is projected for 0.0 PPG off an ADP of 170.0. Over his last 3 seasons he's landed at 0.02x his preseason projection. Age, injury trend, and comparable outcomes point to real disappointment risk."
4241820,Sam Ehlinger,QB,27,5,170,0,0,21,3,WILDCARD,Sam Ehlinger is projected for 0.0 PPG off an ADP of 170.0. Similar quarterback profiles (21 comps) hit their projection 57% of the time and busted 43% of the time. Outcomes here run wide — real weekly-winner upside with real downside risk.
4426875,Sam Howell,QB,25,4,170,0,0,17,3,BUST,"Sam Howell is projected for 0.0 PPG off an ADP of 170.0. Over his last 3 seasons he's landed at -0.02x his preseason projection. Age, injury trend, and comparable outcomes point to real disappointment risk."
4250360,Bailey Zappe,QB,27,3,170,0,0,21,3,BUST,"Bailey Zappe is projected for 0.0 PPG off an ADP of 170.0. Similar quarterback profiles (21 comps) hit their projection 57% of the time and busted 43% of the time. Age, injury trend, and comparable outcomes point to real disappointment risk."
4036419,Skylar Thompson,QB,29,4,170,0,0,16,3,AVERAGE,Skylar Thompson is projected for 0.0 PPG off an ADP of 170.0. Over his last 3 seasons he's landed at 0.38x his preseason projection. Production and cost look roughly in line with expectations.
4044111,Chris Oladokun,QB,29,0,170,0,0,17,0,WILDCARD,Chris Oladokun is projected for 0.0 PPG off an ADP of 170.0. Similar quarterback profiles (17 comps) hit their projection 47% of the time and busted 53% of the time. Outcomes here run wide — real weekly-winner upside with real downside risk.
4039034,Shane Buechele,QB,28,3,170,0,0,18,3,WILDCARD,Shane Buechele is projected for 0.0 PPG off an ADP of 170.0. Similar quarterback profiles (18 comps) hit their projection 56% of the time and busted 44% of the time. Outcomes here run wide — real weekly-winner upside with real downside risk.
4361418,Will Levis,QB,27,3,170,0,0,21,3,BUST,"Will Levis is projected for 0.0 PPG off an ADP of 170.0. Over his last 3 seasons he's landed at 0.65x his preseason projection. Age, injury trend, and comparable outcomes point to real disappointment risk."
4240858,Hendon Hooker,QB,28,2,170,0,0,18,2,AVERAGE,Hendon Hooker is projected for 0.0 PPG off an ADP of 170.0. Over his last 2 seasons he's landed at 0.12x his preseason projection. Production and cost look roughly in line with expectations.
4259553,Stetson Bennett,QB,28,2,170,0,0,18,2,WILDCARD,Stetson Bennett is projected for 0.0 PPG off an ADP of 170.0. Similar quarterback profiles (18 comps) hit their projection 56% of the time and busted 44% of the time. Outcomes here run wide — real weekly-winner upside with real downside risk.
4259592,Sean Clifford,QB,28,1,170,0,0,18,1,WILDCARD,Sean Clifford is projected for 0.0 PPG off an ADP of 170.0. Similar quarterback profiles (18 comps) hit their projection 56% of the time and busted 44% of the time. Outcomes here run wide — real weekly-winner upside with real downside risk.
4260394,Aidan O'Connell,QB,28,3,170,0,0,18,3,BUST,"Aidan O'Connell is projected for 0.0 PPG off an ADP of 170.0. Over his last 3 seasons he's landed at 0.73x his preseason projection. Age, injury trend, and comparable outcomes point to real disappointment risk."
4432734,Jalen Milroe,QB,23,1,170,0,0,11,1,STARTER,"Jalen Milroe is projected for 0.0 PPG off an ADP of 170.0. Similar quarterback profiles (11 comps) hit their projection 45% of the time and busted 45% of the time. Expect steady, dependable production in line with a solid weekly starter."
4426335,Graham Mertz,QB,25,1,170,0,0,19,1,WILDCARD,Graham Mertz is projected for 0.0 PPG off an ADP of 170.0. Similar quarterback profiles (19 comps) hit their projection 58% of the time and busted 37% of the time. Outcomes here run wide — real weekly-winner upside with real downside risk.
4430431,Kurtis Rourke,QB,25,0,170,0,0,19,0,WILDCARD,Kurtis Rourke is projected for 0.0 PPG off an ADP of 170.0. Similar quarterback profiles (19 comps) hit their projection 58% of the time and busted 37% of the time. Outcomes here run wide — real weekly-winner upside with real downside risk.
4693331,Cam Miller,QB,25,0,170,0,0,19,0,WILDCARD,Cam Miller is projected for 0.0 PPG off an ADP of 170.0. Similar quarterback profiles (19 comps) hit their projection 58% of the time and busted 37% of the time. Outcomes here run wide — real weekly-winner upside with real downside risk.
4433971,Kyle McCord,QB,23,0,170,0,0,11,0,STARTER,"Kyle McCord is projected for 0.0 PPG off an ADP of 170.0. Similar quarterback profiles (11 comps) hit their projection 45% of the time and busted 45% of the time. Expect steady, dependable production in line with a solid weekly starter."
4429955,Will Howard,QB,24,1,170,0,0,17,1,WILDCARD,Will Howard is projected for 0.0 PPG off an ADP of 170.0. Similar quarterback profiles (17 comps) hit their projection 59% of the time and busted 35% of the time. Outcomes here run wide — real weekly-winner upside with real downside risk.
4429435,Brady Cook,QB,24,1,170,0,0,17,0,WILDCARD,Brady Cook is projected for 0.0 PPG off an ADP of 170.0. Similar quarterback profiles (17 comps) hit their projection 59% of the time and busted 35% of the time. Outcomes here run wide — real weekly-winner upside with real downside risk.
4573398,Max Brosmer,QB,25,1,170,0,0,19,0,WILDCARD,Max Brosmer is projected for 0.0 PPG off an ADP of 170.0. Similar quarterback profiles (19 comps) hit their projection 58% of the time and busted 37% of the time. Outcomes here run wide — real weekly-winner upside with real downside risk.
4428512,Kedon Slovis,QB,25,1,170,0,0,19,0,WILDCARD,Kedon Slovis is projected for 0.0 PPG off an ADP of 170.0. Similar quarterback profiles (19 comps) hit their projection 58% of the time and busted 37% of the time. Outcomes here run wide — real weekly-winner upside with real downside risk.
4361182,Adrian Martinez,QB,26,1,170,0,0,18,0,WILDCARD,Adrian Martinez is projected for 0.0 PPG off an ADP of 170.0. Similar quarterback profiles (18 comps) hit their projection 56% of the time and busted 39% of the time. Outcomes here run wide — real weekly-winner upside with real downside risk.
4714771,Drew Allar,QB,22,0,170,0,0,5,0,RISKY,"Drew Allar is projected for 0.0 PPG off an ADP of 170.0. Limited historical comps make this a lower-confidence read. Health, role, or situational uncertainty make him a volatile bet."
3044720,Joshua Dobbs,QB,31,9,170,0,0,17,3,BUST,"Joshua Dobbs is projected for 0.0 PPG off an ADP of 170.0. Over his last 3 seasons he's landed at 2.65x his preseason projection. Age, injury trend, and comparable outcomes point to real disappointment risk."
2574630,Jeff Driskel,QB,33,10,170,0,0,10,3,BUST,"Jeff Driskel is projected for 0.0 PPG off an ADP of 170.0. Over his last 3 seasons he's landed at 0.00x his preseason projection. Age, injury trend, and comparable outcomes point to real disappointment risk."
2972515,Cooper Rush,QB,32,9,170,0,0,11,3,WILDCARD,Cooper Rush is projected for 0.0 PPG off an ADP of 170.0. Over his last 3 seasons he's landed at 2.18x his preseason projection. Outcomes here run wide — real weekly-winner upside with real downside risk.
3051381,Mike White,QB,31,8,170,0,0,18,3,WILDCARD,Mike White is projected for 0.0 PPG off an ADP of 170.0. Similar quarterback profiles (18 comps) hit their projection 61% of the time and busted 39% of the time. Outcomes here run wide — real weekly-winner upside with real downside risk.
16140,Ryan Griffin,QB,36,13,170,0,0,5,3,RISKY,"Ryan Griffin is projected for 0.0 PPG off an ADP of 170.0. Limited historical comps make this a lower-confidence read. Health, role, or situational uncertainty make him a volatile bet."
3722362,Brett Rypien,QB,30,7,170,0,0,19,3,AVERAGE,Brett Rypien is projected for 0.0 PPG off an ADP of 170.0. Similar quarterback profiles (19 comps) hit their projection 58% of the time and busted 42% of the time. Production and cost look roughly in line with expectations.
3045169,Tim Boyle,QB,31,8,170,0,0,18,3,AVERAGE,Tim Boyle is projected for 0.0 PPG off an ADP of 170.0. Similar quarterback profiles (18 comps) hit their projection 61% of the time and busted 39% of the time. Production and cost look roughly in line with expectations.
16757,Derek Carr,QB,35,12,170,0,0,5,3,AVERAGE,Derek Carr is projected for 0.0 PPG off an ADP of 170.0. Over his last 3 seasons he's landed at 1.03x his preseason projection. Production and cost look roughly in line with expectations.
16760,Jimmy Garoppolo,QB,34,12,170,0,0,8,3,BUST,"Jimmy Garoppolo is projected for 0.0 PPG off an ADP of 170.0. Over his last 3 seasons he's landed at 0.17x his preseason projection. Age, injury trend, and comparable outcomes point to real disappointment risk."
14881,Russell Wilson,QB,37,14,170,0,0,6,3,AVERAGE,Russell Wilson is projected for 0.0 PPG off an ADP of 170.0. Over his last 3 seasons he's landed at 0.81x his preseason projection. Production and cost look roughly in line with expectations.
3124092,John Wolford,QB,30,5,170,0,0,19,3,WILDCARD,John Wolford is projected for 0.0 PPG off an ADP of 170.0. Similar quarterback profiles (19 comps) hit their projection 58% of the time and busted 42% of the time. Outcomes here run wide — real weekly-winner upside with real downside risk.
4239086,Desmond Ridder,QB,27,4,170,0,0,21,3,BUST,"Desmond Ridder is projected for 0.0 PPG off an ADP of 170.0. Similar quarterback profiles (21 comps) hit their projection 57% of the time and busted 43% of the time. Age, injury trend, and comparable outcomes point to real disappointment risk."
4035312,Anthony Brown Jr.,QB,28,2,170,0,0,18,2,WILDCARD,Anthony Brown Jr. is projected for 0.0 PPG off an ADP of 170.0. Similar quarterback profiles (18 comps) hit their projection 56% of the time and busted 44% of the time. Outcomes here run wide — real weekly-winner upside with real downside risk.
4243322,Jake Haener,QB,27,3,170,0,0,21,3,AVERAGE,Jake Haener is projected for 0.0 PPG off an ADP of 170.0. Similar quarterback profiles (21 comps) hit their projection 57% of the time and busted 43% of the time. Production and cost look roughly in line with expectations.
4367178,Dorian Thompson-Robinson,QB,26,3,170,0,0,18,3,AVERAGE,Dorian Thompson-Robinson is projected for 0.0 PPG off an ADP of 170.0. Similar quarterback profiles (18 comps) hit their projection 56% of the time and busted 39% of the time. Production and cost look roughly in line with expectations.
4373632,Jaren Hall,QB,28,2,170,0,0,18,2,WILDCARD,Jaren Hall is projected for 0.0 PPG off an ADP of 170.0. Similar quarterback profiles (18 comps) hit their projection 56% of the time and busted 44% of the time. Outcomes here run wide — real weekly-winner upside with real downside risk.
4360175,Clayton Tune,QB,27,3,170,0,0,20,3,AVERAGE,Clayton Tune is projected for 0.0 PPG off an ADP of 170.0. Over his last 3 seasons he's landed at -0.05x his preseason projection. Production and cost look roughly in line with expectations.
4427105,Max Duggan,QB,25,1,170,0,0,19,1,WILDCARD,Max Duggan is projected for 0.0 PPG off an ADP of 170.0. Similar quarterback profiles (19 comps) hit their projection 58% of the time and busted 37% of the time. Outcomes here run wide — real weekly-winner upside with real downside risk.
4244688,Nathan Rourke,QB,28,1,170,0,0,18,1,WILDCARD,Nathan Rourke is projected for 0.0 PPG off an ADP of 170.0. Similar quarterback profiles (18 comps) hit their projection 56% of the time and busted 44% of the time. Outcomes here run wide — real weekly-winner upside with real downside risk.
4360799,Jordan Travis,QB,26,0,170,0,0,18,1,WILDCARD,Jordan Travis is projected for 0.0 PPG off an ADP of 170.0. Similar quarterback profiles (18 comps) hit their projection 56% of the time and busted 39% of the time. Outcomes here run wide — real weekly-winner upside with real downside risk.
3886812,Jake Browning,QB,30,7,170.1,0.6,7.241451654,2,2,BREAKOUT,"Jake Browning is projected for 0.6 PPG off an ADP of 170.1. Over his last 2 seasons he's landed at 28.67x his preseason projection. Age, trend, and role all point toward a real step forward this year."
2511109,Trevor Siemian,QB,34,11,170.1,0,0,0,3,SLEEPER,Trevor Siemian is projected for 0.0 PPG off an ADP of 170.1. Limited historical comps make this a lower-confidence read. His ADP undersells his likely output — worth a look in the later rounds.
2565969,Taylor Heinicke,QB,33,11,170.1,0,0,1,3,SLEEPER,Taylor Heinicke is projected for 0.0 PPG off an ADP of 170.1. Over his last 3 seasons he's landed at 0.09x his preseason projection. His ADP undersells his likely output — worth a look in the later rounds.
4034946,Kyle Trask,QB,28,5,170.1,0,0,1,3,SLEEPER,Kyle Trask is projected for 0.0 PPG off an ADP of 170.1. Over his last 3 seasons he's landed at -0.01x his preseason projection. His ADP undersells his likely output — worth a look in the later rounds.
2578570,Jacoby Brissett,QB,33,10,170.2,11.75,375.5589339,0,3,BREAKOUT,"Jacoby Brissett is projected for 11.8 PPG off an ADP of 170.2. Over his last 3 seasons he's landed at 62.92x his preseason projection. Age, trend, and role all point toward a real step forward this year."
15864,Geno Smith,QB,35,13,170.3,13.65,12.69250536,1,3,SLEEPER,Geno Smith is projected for 13.7 PPG off an ADP of 170.3. Over his last 3 seasons he's landed at 0.86x his preseason projection. His ADP undersells his likely output — worth a look in the later rounds.
4241479,Tua Tagovailoa,QB,28,6,170.8,6.74,6.297309986,1,3,SLEEPER,Tua Tagovailoa is projected for 6.7 PPG off an ADP of 170.8. Over his last 3 seasons he's landed at 0.87x his preseason projection. His ADP undersells his likely output — worth a look in the later rounds.
4429795,Jahmyr Gibbs,RB,24,3,1.9,21.48,26.94298484,63,3,BREAKOUT,"Jahmyr Gibbs is projected for 21.5 PPG off an ADP of 1.9. Over his last 3 seasons he's landed at 1.20x his preseason projection. Age, trend, and role all point toward a real step forward this year."
4430807,Bijan Robinson,RB,24,3,2.3,20.73,24.10671964,64,3,STAR,"Bijan Robinson is projected for 20.7 PPG off an ADP of 2.3. Over his last 3 seasons he's landed at 1.03x his preseason projection. He's an established, consistent difference-maker at the position."
3117251,Christian McCaffrey,RB,30,9,5.6,20.61,16.94015871,22,3,AVERAGE,Christian McCaffrey is projected for 20.6 PPG off an ADP of 5.6. Over his last 3 seasons he's landed at 0.89x his preseason projection. Production and cost look roughly in line with expectations.
4242335,Jonathan Taylor,RB,27,6,8.4,18.16,18.22824766,57,3,BREAKOUT,"Jonathan Taylor is projected for 18.2 PPG off an ADP of 8.4. Over his last 3 seasons he's landed at 1.10x his preseason projection. Age, trend, and role all point toward a real step forward this year."
4429160,De'Von Achane,RB,24,3,12.4,17.22,20.75504014,68,3,RISKY,"De'Von Achane is projected for 17.2 PPG off an ADP of 12.4. Over his last 3 seasons he's landed at 1.14x his preseason projection. Health, role, or situational uncertainty make him a volatile bet."
4379399,James Cook III,RB,26,4,13.5,16.44,16.45354711,65,3,STAR,"James Cook III is projected for 16.4 PPG off an ADP of 13.5. Over his last 3 seasons he's landed at 1.09x his preseason projection. He's an established, consistent difference-maker at the position."
4890973,Ashton Jeanty,RB,22,1,14.3,16.56,23.20732407,40,1,BREAKOUT,"Ashton Jeanty is projected for 16.6 PPG off an ADP of 14.3. Similar running back profiles (40 comps) hit their projection 32% of the time and busted 25% of the time. Age, trend, and role all point toward a real step forward this year."
3929630,Saquon Barkley,RB,29,8,15.7,16.08,14.5554551,29,3,BUST,"Saquon Barkley is projected for 16.1 PPG off an ADP of 15.7. Over his last 3 seasons he's landed at 0.99x his preseason projection. Age, injury trend, and comparable outcomes point to real disappointment risk."
4870808,Jeremiyah Love,RB,21,0,18.4,16.4,31.65451512,26,0,BREAKOUT,"Jeremiyah Love is projected for 16.4 PPG off an ADP of 18.4. Similar running back profiles (26 comps) hit their projection 35% of the time and busted 23% of the time. Age, trend, and role all point toward a real step forward this year."
3043078,Derrick Henry,RB,32,10,19,16.13,17.03183531,7,3,STAR,"Derrick Henry is projected for 16.1 PPG off an ADP of 19.0. Over his last 3 seasons he's landed at 1.11x his preseason projection. He's an established, consistent difference-maker at the position."
4685382,Omarion Hampton,RB,23,1,20.6,16.43,21.09390357,61,1,BREAKOUT,"Omarion Hampton is projected for 16.4 PPG off an ADP of 20.6. Similar running back profiles (61 comps) hit their projection 33% of the time and busted 28% of the time. Age, trend, and role all point toward a real step forward this year."
4047365,Josh Jacobs,RB,28,7,26.6,16.09,15.34900912,47,3,AVERAGE,Josh Jacobs is projected for 16.1 PPG off an ADP of 26.6. Over his last 3 seasons he's landed at 1.03x his preseason projection. Production and cost look roughly in line with expectations.
4362238,Chase Brown,RB,26,3,27.1,16.02,17.34543243,88,3,BREAKOUT,"Chase Brown is projected for 16.0 PPG off an ADP of 27.1. Over his last 3 seasons he's landed at 1.17x his preseason projection. Age, trend, and role all point toward a real step forward this year."
4567048,Kenneth Walker III,RB,25,4,28.4,16.03,15.69203281,95,3,BREAKOUT,"Kenneth Walker III is projected for 16.0 PPG off an ADP of 28.4. Over his last 3 seasons he's landed at 0.90x his preseason projection. Age, trend, and role all point toward a real step forward this year."
4427366,Breece Hall,RB,25,4,33.5,16.06,15.3503151,95,3,BREAKOUT,"Breece Hall is projected for 16.1 PPG off an ADP of 33.5. Over his last 3 seasons he's landed at 0.85x his preseason projection. Age, trend, and role all point toward a real step forward this year."
4361579,Javonte Williams,RB,26,5,37.9,15.23,14.81199434,88,3,BREAKOUT,"Javonte Williams is projected for 15.2 PPG off an ADP of 37.9. Over his last 3 seasons he's landed at 0.94x his preseason projection. Age, trend, and role all point toward a real step forward this year."
4430737,Kyren Williams,RB,26,4,38.6,13.66,13.48484308,88,3,STAR,"Kyren Williams is projected for 13.7 PPG off an ADP of 38.6. Over his last 3 seasons he's landed at 0.97x his preseason projection. He's an established, consistent difference-maker at the position."
4696981,Cam Skattebo,RB,24,1,43.2,14.24,20.01517797,100,1,RISKY,"Cam Skattebo is projected for 14.2 PPG off an ADP of 43.2. Similar running back profiles (100 comps) hit their projection 31% of the time and busted 28% of the time. Health, role, or situational uncertainty make him a volatile bet."
4239996,Travis Etienne Jr.,RB,27,5,45.3,14.2,13.72932825,79,3,STAR,"Travis Etienne Jr. is projected for 14.2 PPG off an ADP of 45.3. Over his last 3 seasons he's landed at 0.94x his preseason projection. He's an established, consistent difference-maker at the position."
4596448,Bucky Irving,RB,24,2,54.8,12.74,16.09959194,99,2,RISKY,"Bucky Irving is projected for 12.7 PPG off an ADP of 54.8. Over his last 2 seasons he's landed at 1.31x his preseason projection. Health, role, or situational uncertainty make him a volatile bet."
4685702,Quinshon Judkins,RB,22,1,56.6,13.23,26.27911135,63,1,RISKY,"Quinshon Judkins is projected for 13.2 PPG off an ADP of 56.6. Similar running back profiles (63 comps) hit their projection 32% of the time and busted 32% of the time. Health, role, or situational uncertainty make him a volatile bet."
4432710,TreVeyon Henderson,RB,23,1,61.4,12.25,14.67699858,86,1,BREAKOUT,"TreVeyon Henderson is projected for 12.2 PPG off an ADP of 61.4. Similar running back profiles (86 comps) hit their projection 33% of the time and busted 33% of the time. Age, trend, and role all point toward a real step forward this year."
4685512,Jadarian Price,RB,22,0,68.5,11.4,15.78070581,64,0,BREAKOUT,"Jadarian Price is projected for 11.4 PPG off an ADP of 68.5. Similar running back profiles (64 comps) hit their projection 33% of the time and busted 31% of the time. Age, trend, and role all point toward a real step forward this year."
4259545,D'Andre Swift,RB,27,6,70,12.45,12.41527831,81,3,STAR,"D'Andre Swift is projected for 12.4 PPG off an ADP of 70.0. Over his last 3 seasons he's landed at 1.02x his preseason projection. He's an established, consistent difference-maker at the position."
4035538,David Montgomery,RB,29,7,72.1,11.31,11.10585671,44,3,AVERAGE,David Montgomery is projected for 11.3 PPG off an ADP of 72.1. Over his last 3 seasons he's landed at 1.02x his preseason projection. Production and cost look roughly in line with expectations.
4882093,Bhayshul Tuten,RB,23,1,76.5,12.05,73.12672912,86,1,BREAKOUT,"Bhayshul Tuten is projected for 12.1 PPG off an ADP of 76.5. Similar running back profiles (86 comps) hit their projection 31% of the time and busted 33% of the time. Age, trend, and role all point toward a real step forward this year."
4241416,Chuba Hubbard,RB,27,5,88.2,10.87,11.25471432,81,3,AVERAGE,Chuba Hubbard is projected for 10.9 PPG off an ADP of 88.2. Over his last 3 seasons he's landed at 1.10x his preseason projection. Production and cost look roughly in line with expectations.
3916148,Tony Pollard,RB,29,7,90.8,11.15,10.47183323,45,3,STAR,"Tony Pollard is projected for 11.2 PPG off an ADP of 90.8. Over his last 3 seasons he's landed at 0.93x his preseason projection. He's an established, consistent difference-maker at the position."
4569987,Jaylen Warren,RB,27,4,95.1,11.23,9.988325396,86,3,AVERAGE,Jaylen Warren is projected for 11.2 PPG off an ADP of 95.1. Over his last 3 seasons he's landed at 0.79x his preseason projection. Production and cost look roughly in line with expectations.
3042519,Aaron Jones Sr.,RB,31,9,102.2,11.09,10.45614274,25,3,AVERAGE,Aaron Jones Sr. is projected for 11.1 PPG off an ADP of 102.2. Over his last 3 seasons he's landed at 0.91x his preseason projection. Production and cost look roughly in line with expectations.
4038815,Rico Dowdle,RB,28,6,102.4,10.9,15.24510372,65,3,BREAKOUT,"Rico Dowdle is projected for 10.9 PPG off an ADP of 102.4. Over his last 3 seasons he's landed at 1.87x his preseason projection. Age, trend, and role all point toward a real step forward this year."
4569173,Rhamondre Stevenson,RB,28,5,109.5,11.22,11.26164048,65,3,AVERAGE,Rhamondre Stevenson is projected for 11.2 PPG off an ADP of 109.5. Over his last 3 seasons he's landed at 1.06x his preseason projection. Production and cost look roughly in line with expectations.
4241985,J.K. Dobbins,RB,27,6,109.7,10.08,10.34631466,86,3,AVERAGE,J.K. Dobbins is projected for 10.1 PPG off an ADP of 109.7. Over his last 3 seasons he's landed at 1.07x his preseason projection. Production and cost look roughly in line with expectations.
4371733,Kenny Gainwell,RB,27,5,110.4,10.13,9.574047127,87,3,BREAKOUT,"Kenny Gainwell is projected for 10.1 PPG off an ADP of 110.4. Over his last 3 seasons he's landed at 0.91x his preseason projection. Age, trend, and role all point toward a real step forward this year."
4697815,Rachaad White,RB,27,4,111.3,10.27,9.903278021,87,3,AVERAGE,Rachaad White is projected for 10.3 PPG off an ADP of 111.3. Over his last 3 seasons he's landed at 0.95x his preseason projection. Production and cost look roughly in line with expectations.
4568490,RJ Harvey,RB,25,1,116.8,9.81,10.18210246,106,1,BREAKOUT,"RJ Harvey is projected for 9.8 PPG off an ADP of 116.8. Similar running back profiles (106 comps) hit their projection 31% of the time and busted 30% of the time. Age, trend, and role all point toward a real step forward this year."
4608686,Kyle Monangai,RB,24,1,117.8,10.36,16.76195667,110,1,BREAKOUT,"Kyle Monangai is projected for 10.4 PPG off an ADP of 117.8. Similar running back profiles (110 comps) hit their projection 32% of the time and busted 30% of the time. Age, trend, and role all point toward a real step forward this year."
4429096,Blake Corum,RB,25,2,126.3,9.38,9.449589578,105,2,BREAKOUT,"Blake Corum is projected for 9.4 PPG off an ADP of 126.3. Over his last 2 seasons he's landed at 0.94x his preseason projection. Age, trend, and role all point toward a real step forward this year."
4678008,Jonathon Brooks,RB,23,2,128.5,8.55,7.30446324,93,2,WILDCARD,Jonathon Brooks is projected for 8.6 PPG off an ADP of 128.5. Over his last 2 seasons he's landed at 0.18x his preseason projection. Outcomes here run wide — real weekly-winner upside with real downside risk.
4575131,Jacory Croskey-Merritt,RB,25,1,135.1,8.92,8.954934698,106,1,BREAKOUT,"Jacory Croskey-Merritt is projected for 8.9 PPG off an ADP of 135.1. Similar running back profiles (106 comps) hit their projection 31% of the time and busted 30% of the time. Age, trend, and role all point toward a real step forward this year."
4426385,Zach Charbonnet,RB,25,3,142,12.15,13.9742289,105,3,RISKY,"Zach Charbonnet is projected for 12.2 PPG off an ADP of 142.0. Over his last 3 seasons he's landed at 1.25x his preseason projection. Health, role, or situational uncertainty make him a volatile bet."
4429059,Woody Marks,RB,25,1,144,7.51,10.05899128,112,1,BREAKOUT,"Woody Marks is projected for 7.5 PPG off an ADP of 144.0. Similar running back profiles (112 comps) hit their projection 30% of the time and busted 32% of the time. Age, trend, and role all point toward a real step forward this year."
4361529,Isiah Pacheco,RB,27,4,147.2,7.27,5.428840962,92,3,AVERAGE,Isiah Pacheco is projected for 7.3 PPG off an ADP of 147.2. Over his last 3 seasons he's landed at 0.51x his preseason projection. Production and cost look roughly in line with expectations.
3054850,Alvin Kamara,RB,31,9,148.3,7.32,6.774791914,26,3,AVERAGE,Alvin Kamara is projected for 7.3 PPG off an ADP of 148.3. Over his last 3 seasons he's landed at 0.87x his preseason projection. Production and cost look roughly in line with expectations.
4360569,Jordan Mason,RB,27,4,149.3,7.64,8.527400944,92,3,BREAKOUT,"Jordan Mason is projected for 7.6 PPG off an ADP of 149.3. Over his last 3 seasons he's landed at 1.27x his preseason projection. Age, trend, and role all point toward a real step forward this year."
4428557,Tyjae Spears,RB,25,3,150.3,8.77,8.401934994,111,3,BREAKOUT,"Tyjae Spears is projected for 8.8 PPG off an ADP of 150.3. Over his last 3 seasons he's landed at 0.85x his preseason projection. Age, trend, and role all point toward a real step forward this year."
4362619,Chris Rodriguez Jr.,RB,26,3,165.9,4.19,9.558708025,105,3,RISKY,"Chris Rodriguez Jr. is projected for 4.2 PPG off an ADP of 165.9. Over his last 3 seasons he's landed at 3.56x his preseason projection. Health, role, or situational uncertainty make him a volatile bet."
4373626,Tyler Allgeier,RB,26,4,166.5,5.38,5.195717687,103,3,AVERAGE,Tyler Allgeier is projected for 5.4 PPG off an ADP of 166.5. Over his last 3 seasons he's landed at 0.90x his preseason projection. Production and cost look roughly in line with expectations.
4429013,Tank Bigsby,RB,24,3,167.7,3.77,4.232486682,111,3,BREAKOUT,"Tank Bigsby is projected for 3.8 PPG off an ADP of 167.7. Over his last 3 seasons he's landed at 1.00x his preseason projection. Age, trend, and role all point toward a real step forward this year."
4360516,Tyrone Tracy Jr.,RB,26,2,167.9,4.73,5.45650231,102,2,AVERAGE,Tyrone Tracy Jr. is projected for 4.7 PPG off an ADP of 167.9. Over his last 2 seasons he's landed at 1.35x his preseason projection. Production and cost look roughly in line with expectations.
4241474,Brian Robinson Jr.,RB,27,4,168.1,5.52,5.05227534,86,3,AVERAGE,Brian Robinson Jr. is projected for 5.5 PPG off an ADP of 168.1. Over his last 3 seasons he's landed at 0.86x his preseason projection. Production and cost look roughly in line with expectations.
3045147,James Conner,RB,31,9,169.6,0,0,22,3,BUST,"James Conner is projected for 0.0 PPG off an ADP of 169.6. Over his last 3 seasons he's landed at 0.96x his preseason projection. Age, injury trend, and comparable outcomes point to real disappointment risk."
4685247,Braelon Allen,RB,22,2,169.9,5.14,6.246800904,59,2,BREAKOUT,"Braelon Allen is projected for 5.1 PPG off an ADP of 169.9. Over his last 2 seasons he's landed at 0.81x his preseason projection. Age, trend, and role all point toward a real step forward this year."
4685279,Jaydon Blue,RB,22,1,169.9,2.75,5.270308743,60,1,BREAKOUT,"Jaydon Blue is projected for 2.8 PPG off an ADP of 169.9. Similar running back profiles (60 comps) hit their projection 33% of the time and busted 37% of the time. Age, trend, and role all point toward a real step forward this year."
4243315,Salvon Ahmed,RB,27,6,169.9,0,0,86,3,BUST,"Salvon Ahmed is projected for 0.0 PPG off an ADP of 169.9. Similar running back profiles (86 comps) hit their projection 28% of the time and busted 36% of the time. Age, injury trend, and comparable outcomes point to real disappointment risk."
4426386,Roschon Johnson,RB,25,3,169.9,0,0,101,3,BUST,"Roschon Johnson is projected for 0.0 PPG off an ADP of 169.9. Over his last 3 seasons he's landed at 0.70x his preseason projection. Age, injury trend, and comparable outcomes point to real disappointment risk."
4567216,D.J. Williams,RB,26,1,169.9,0,0,100,1,FADE,D.J. Williams is projected for 0.0 PPG off an ADP of 169.9. Similar running back profiles (100 comps) hit their projection 30% of the time and busted 33% of the time. The gap between cost and expected output makes him easy to pass on.
4696044,Kaelon Black,RB,24,0,170,2.03,3.668310879,47,0,WILDCARD,Kaelon Black is projected for 2.0 PPG off an ADP of 170.0. Similar running back profiles (47 comps) hit their projection 49% of the time and busted 45% of the time. Outcomes here run wide — real weekly-winner upside with real downside risk.
4819231,Kaleb Johnson,RB,23,1,170,0.28,0.398141638,39,1,BREAKOUT,"Kaleb Johnson is projected for 0.3 PPG off an ADP of 170.0. Similar running back profiles (39 comps) hit their projection 49% of the time and busted 44% of the time. Age, trend, and role all point toward a real step forward this year."
16002,Kyle Juszczyk,RB,35,13,170,2.68,3.85958644,0,3,DIAMOND,Kyle Juszczyk is projected for 2.7 PPG off an ADP of 170.0. Over his last 3 seasons he's landed at 1.88x his preseason projection. He's being drafted well below his projected output — a clear value target.
4685350,Trevor Etienne,RB,22,1,170,1.87,2.845521079,28,1,WILDCARD,Trevor Etienne is projected for 1.9 PPG off an ADP of 170.0. Similar running back profiles (28 comps) hit their projection 39% of the time and busted 46% of the time. Outcomes here run wide — real weekly-winner upside with real downside risk.
4040761,Devin Singletary,RB,29,7,170,1.61,4.201540636,18,3,SLEEPER,Devin Singletary is projected for 1.6 PPG off an ADP of 170.0. Over his last 3 seasons he's landed at 3.00x his preseason projection. His ADP undersells his likely output — worth a look in the later rounds.
4429299,Tahj Brooks,RB,24,1,170,1.09,1.597978675,46,1,BREAKOUT,"Tahj Brooks is projected for 1.1 PPG off an ADP of 170.0. Similar running back profiles (46 comps) hit their projection 50% of the time and busted 43% of the time. Age, trend, and role all point toward a real step forward this year."
3917668,Alec Ingold,RB,30,7,170,0.96,1.439273174,13,3,SLEEPER,Alec Ingold is projected for 1.0 PPG off an ADP of 170.0. Over his last 3 seasons he's landed at 0.80x his preseason projection. His ADP undersells his likely output — worth a look in the later rounds.
4241961,Connor Heyward,RB,27,4,170,0.6,1.560811128,36,3,SLEEPER,Connor Heyward is projected for 0.6 PPG off an ADP of 170.0. Over his last 3 seasons he's landed at 3.26x his preseason projection. His ADP undersells his likely output — worth a look in the later rounds.
3125107,Andrew Beck,RB,30,7,170,0.49,0.49,14,3,SLEEPER,Andrew Beck is projected for 0.5 PPG off an ADP of 170.0. Similar running back profiles (14 comps) hit their projection 50% of the time and busted 50% of the time. His ADP undersells his likely output — worth a look in the later rounds.
4039505,Reggie Gilliam,RB,29,6,170,0.47,0.47,19,3,WILDCARD,Reggie Gilliam is projected for 0.5 PPG off an ADP of 170.0. Similar running back profiles (19 comps) hit their projection 47% of the time and busted 47% of the time. Outcomes here run wide — real weekly-winner upside with real downside risk.
4599739,Kendre Miller,RB,24,3,170,0.43,0.581383766,47,3,SLEEPER,Kendre Miller is projected for 0.4 PPG off an ADP of 170.0. Over his last 3 seasons he's landed at 0.90x his preseason projection. His ADP undersells his likely output — worth a look in the later rounds.
2515270,Michael Burton,RB,34,11,170,0.59,0.59,3,3,SLEEPER,Michael Burton is projected for 0.6 PPG off an ADP of 170.0. Limited historical comps make this a lower-confidence read. His ADP undersells his likely output — worth a look in the later rounds.
4429939,Jawhar Jordan,RB,27,0,170,0.4,0.803163222,38,0,SLEEPER,Jawhar Jordan is projected for 0.4 PPG off an ADP of 170.0. Similar running back profiles (38 comps) hit their projection 50% of the time and busted 47% of the time. His ADP undersells his likely output — worth a look in the later rounds.
4373273,British Brooks,RB,26,2,170,0.14,0.206003101,46,2,WILDCARD,British Brooks is projected for 0.1 PPG off an ADP of 170.0. Over his last 2 seasons he's landed at 0.06x his preseason projection. Outcomes here run wide — real weekly-winner upside with real downside risk.
4035537,Kene Nwangwu,RB,28,5,170,0.13,0.13,27,3,WILDCARD,Kene Nwangwu is projected for 0.1 PPG off an ADP of 170.0. Similar running back profiles (27 comps) hit their projection 41% of the time and busted 56% of the time. Outcomes here run wide — real weekly-winner upside with real downside risk.
4372561,Isaac Guerendo,RB,26,2,170,0.08,0.146338729,46,2,SLEEPER,Isaac Guerendo is projected for 0.1 PPG off an ADP of 170.0. Over his last 2 seasons he's landed at 1.02x his preseason projection. His ADP undersells his likely output — worth a look in the later rounds.
4596602,Brashard Smith,RB,23,1,170,0.06,0.103660881,38,1,BREAKOUT,"Brashard Smith is projected for 0.1 PPG off an ADP of 170.0. Similar running back profiles (38 comps) hit their projection 47% of the time and busted 45% of the time. Age, trend, and role all point toward a real step forward this year."
4427728,Bam Knight,RB,25,3,170,0.05,0.540380125,46,3,BREAKOUT,"Bam Knight is projected for 0.1 PPG off an ADP of 170.0. Over his last 3 seasons he's landed at 19.85x his preseason projection. Age, trend, and role all point toward a real step forward this year."
4366963,Dylan Laube,RB,26,2,170,0.04,0.085690693,45,2,WILDCARD,Dylan Laube is projected for 0.0 PPG off an ADP of 170.0. Over his last 2 seasons he's landed at 1.78x his preseason projection. Outcomes here run wide — real weekly-winner upside with real downside risk.
4383429,Jacob Saylors,RB,26,1,170,0.02,0.02,47,1,WILDCARD,Jacob Saylors is projected for 0.0 PPG off an ADP of 170.0. Similar running back profiles (47 comps) hit their projection 53% of the time and busted 43% of the time. Outcomes here run wide — real weekly-winner upside with real downside risk.
4690013,Rasheen Ali,RB,25,2,170,0.02,0.056072538,46,2,WILDCARD,Rasheen Ali is projected for 0.0 PPG off an ADP of 170.0. Over his last 2 seasons he's landed at 3.83x his preseason projection. Outcomes here run wide — real weekly-winner upside with real downside risk.
4240631,DeeJay Dallas,RB,27,6,170,0.01,0.02148205,37,3,SLEEPER,DeeJay Dallas is projected for 0.0 PPG off an ADP of 170.0. Over his last 3 seasons he's landed at 2.30x his preseason projection. His ADP undersells his likely output — worth a look in the later rounds.
4568024,Josh Williams,RB,25,1,170,0.01,0.022268162,46,1,WILDCARD,Josh Williams is projected for 0.0 PPG off an ADP of 170.0. Similar running back profiles (46 comps) hit their projection 52% of the time and busted 41% of the time. Outcomes here run wide — real weekly-winner upside with real downside risk.
3127586,Jeremy McNichols,RB,30,9,170,0,0,12,3,BUST,"Jeremy McNichols is projected for 0.0 PPG off an ADP of 170.0. Over his last 3 seasons he's landed at 2.81x his preseason projection. Age, injury trend, and comparable outcomes point to real disappointment risk."
2576336,Ameer Abdullah,RB,33,11,170,0,0,6,3,OVERVALUED,Ameer Abdullah is projected for 0.0 PPG off an ADP of 170.0. Over his last 3 seasons he's landed at 2.75x his preseason projection. His draft cost is running ahead of what the data supports.
4037457,Travis Homer,RB,28,7,170,0,0,26,3,WILDCARD,Travis Homer is projected for 0.0 PPG off an ADP of 170.0. Over his last 3 seasons he's landed at 1.33x his preseason projection. Outcomes here run wide — real weekly-winner upside with real downside risk.
4239934,AJ Dillon,RB,28,6,170,0,0,26,3,BUST,"AJ Dillon is projected for 0.0 PPG off an ADP of 170.0. Over his last 3 seasons he's landed at 1.97x his preseason projection. Age, injury trend, and comparable outcomes point to real disappointment risk."
4240657,Michael Carter,RB,27,4,170,0,0,38,3,OVERVALUED,Michael Carter is projected for 0.0 PPG off an ADP of 170.0. Similar running back profiles (38 comps) hit their projection 50% of the time and busted 47% of the time. His draft cost is running ahead of what the data supports.
4241555,Elijah Mitchell,RB,28,5,170,0,0,27,3,BUST,"Elijah Mitchell is projected for 0.0 PPG off an ADP of 170.0. Similar running back profiles (27 comps) hit their projection 41% of the time and busted 56% of the time. Age, injury trend, and comparable outcomes point to real disappointment risk."
4245645,Gary Brightwell,RB,28,3,170,0,0,27,3,OVERVALUED,Gary Brightwell is projected for 0.0 PPG off an ADP of 170.0. Similar running back profiles (27 comps) hit their projection 41% of the time and busted 56% of the time. His draft cost is running ahead of what the data supports.
4362452,Jaret Patterson,RB,26,2,170,0,0,47,2,OVERVALUED,Jaret Patterson is projected for 0.0 PPG off an ADP of 170.0. Similar running back profiles (47 comps) hit their projection 53% of the time and busted 43% of the time. His draft cost is running ahead of what the data supports.
4039358,Patrick Taylor Jr.,RB,28,6,170,0,0,26,3,OVERVALUED,Patrick Taylor Jr. is projected for 0.0 PPG off an ADP of 170.0. Over his last 3 seasons he's landed at 1.97x his preseason projection. His draft cost is running ahead of what the data supports.
4035693,Velus Jones Jr.,RB,29,5,170,0,0,17,3,BUST,"Velus Jones Jr. is projected for 0.0 PPG off an ADP of 170.0. Over his last 3 seasons he's landed at 3.73x his preseason projection. Age, injury trend, and comparable outcomes point to real disappointment risk."
4360238,Dameon Pierce,RB,26,4,170,0,0,47,3,BUST,"Dameon Pierce is projected for 0.0 PPG off an ADP of 170.0. Over his last 3 seasons he's landed at 0.54x his preseason projection. Age, injury trend, and comparable outcomes point to real disappointment risk."
4249836,Pierre Strong Jr.,RB,27,3,170,0,0,38,3,OVERVALUED,Pierre Strong Jr. is projected for 0.0 PPG off an ADP of 170.0. Over his last 3 seasons he's landed at 1.24x his preseason projection. His draft cost is running ahead of what the data supports.
4242431,Ty Chandler,RB,28,4,170,0,0,26,3,BUST,"Ty Chandler is projected for 0.0 PPG off an ADP of 170.0. Over his last 3 seasons he's landed at 2.96x his preseason projection. Age, injury trend, and comparable outcomes point to real disappointment risk."
4372019,Jerome Ford,RB,26,4,170,0,0,47,3,BUST,"Jerome Ford is projected for 0.0 PPG off an ADP of 170.0. Over his last 3 seasons he's landed at 0.73x his preseason projection. Age, injury trend, and comparable outcomes point to real disappointment risk."
4036032,Brittain Brown,RB,28,2,170,0,0,27,2,WILDCARD,Brittain Brown is projected for 0.0 PPG off an ADP of 170.0. Similar running back profiles (27 comps) hit their projection 41% of the time and busted 56% of the time. Outcomes here run wide — real weekly-winner upside with real downside risk.
4367567,Julius Chestnut,RB,25,4,170,0,0,45,3,OVERVALUED,Julius Chestnut is projected for 0.0 PPG off an ADP of 170.0. Over his last 3 seasons he's landed at 0.29x his preseason projection. His draft cost is running ahead of what the data supports.
4243003,Ronnie Rivers,RB,27,4,170,0,0,38,3,OVERVALUED,Ronnie Rivers is projected for 0.0 PPG off an ADP of 170.0. Over his last 3 seasons he's landed at 0.59x his preseason projection. His draft cost is running ahead of what the data supports.
4569609,Evan Hull,RB,25,2,170,0,0,47,2,OVERVALUED,Evan Hull is projected for 0.0 PPG off an ADP of 170.0. Similar running back profiles (47 comps) hit their projection 53% of the time and busted 40% of the time. His draft cost is running ahead of what the data supports.
4429202,Israel Abanikanda,RB,23,2,170,0,0,39,2,WILDCARD,Israel Abanikanda is projected for 0.0 PPG off an ADP of 170.0. Over his last 2 seasons he's landed at 0.00x his preseason projection. Outcomes here run wide — real weekly-winner upside with real downside risk.
4570561,Eric Gray,RB,26,3,170,0,0,47,3,OVERVALUED,Eric Gray is projected for 0.0 PPG off an ADP of 170.0. Over his last 3 seasons he's landed at 0.25x his preseason projection. His draft cost is running ahead of what the data supports.
4428119,Lew Nichols,RB,25,0,170,0,0,47,0,WILDCARD,Lew Nichols is projected for 0.0 PPG off an ADP of 170.0. Similar running back profiles (47 comps) hit their projection 53% of the time and busted 40% of the time. Outcomes here run wide — real weekly-winner upside with real downside risk.
4373684,Scott Matlock,RB,26,3,170,0,0,46,1,WILDCARD,Scott Matlock is projected for 0.0 PPG off an ADP of 170.0. Similar running back profiles (46 comps) hit their projection 52% of the time and busted 43% of the time. Outcomes here run wide — real weekly-winner upside with real downside risk.
4427391,Kenny McIntosh,RB,26,3,170,0,0,47,3,BUST,"Kenny McIntosh is projected for 0.0 PPG off an ADP of 170.0. Over his last 3 seasons he's landed at 0.53x his preseason projection. Age, injury trend, and comparable outcomes point to real disappointment risk."
4722893,Jaleel McLaughlin,RB,25,3,170,0,0,46,3,OVERVALUED,Jaleel McLaughlin is projected for 0.0 PPG off an ADP of 170.0. Over his last 3 seasons he's landed at 1.92x his preseason projection. His draft cost is running ahead of what the data supports.
4372070,Ben VanSumeren,RB,26,3,170,0,0,47,0,BUST,"Ben VanSumeren is projected for 0.0 PPG off an ADP of 170.0. Similar running back profiles (47 comps) hit their projection 53% of the time and busted 43% of the time. Age, injury trend, and comparable outcomes point to real disappointment risk."
4243176,Brady Russell,RB,28,3,170,0,0,26,3,WILDCARD,Brady Russell is projected for 0.0 PPG off an ADP of 170.0. Over his last 3 seasons he's landed at 0.00x his preseason projection. Outcomes here run wide — real weekly-winner upside with real downside risk.
4429676,Tyler Goodson,RB,25,3,170,0,0,46,3,OVERVALUED,Tyler Goodson is projected for 0.0 PPG off an ADP of 170.0. Over his last 3 seasons he's landed at 0.81x his preseason projection. His draft cost is running ahead of what the data supports.
4569682,Audric Estime,RB,23,2,170,0,0,39,2,OVERVALUED,Audric Estime is projected for 0.0 PPG off an ADP of 170.0. Over his last 2 seasons he's landed at 0.88x his preseason projection. His draft cost is running ahead of what the data supports.
4912274,Sione Vaki,RB,25,2,170,0,0,47,2,WILDCARD,Sione Vaki is projected for 0.0 PPG off an ADP of 170.0. Over his last 2 seasons he's landed at 0.57x his preseason projection. Outcomes here run wide — real weekly-winner upside with real downside risk.
4367510,Dante Miller,RB,27,0,170,0,0,38,0,OVERVALUED,Dante Miller is projected for 0.0 PPG off an ADP of 170.0. Similar running back profiles (38 comps) hit their projection 50% of the time and busted 47% of the time. His draft cost is running ahead of what the data supports.
4714365,Carson Steele,RB,23,1,170,0,0,38,1,WILDCARD,Carson Steele is projected for 0.0 PPG off an ADP of 170.0. Similar running back profiles (38 comps) hit their projection 50% of the time and busted 42% of the time. Outcomes here run wide — real weekly-winner upside with real downside risk.
4391845,Cody Schrader,RB,27,2,170,0,0,38,2,BUST,"Cody Schrader is projected for 0.0 PPG off an ADP of 170.0. Over his last 2 seasons he's landed at 5.00x his preseason projection. Age, injury trend, and comparable outcomes point to real disappointment risk."
4430104,Sincere McCormick,RB,25,2,170,0,0,47,1,WILDCARD,Sincere McCormick is projected for 0.0 PPG off an ADP of 170.0. Similar running back profiles (47 comps) hit their projection 53% of the time and busted 40% of the time. Outcomes here run wide — real weekly-winner upside with real downside risk.
4427600,Terrell Jennings,RB,25,1,170,0,0,47,1,WILDCARD,Terrell Jennings is projected for 0.0 PPG off an ADP of 170.0. Similar running back profiles (47 comps) hit their projection 53% of the time and busted 40% of the time. Outcomes here run wide — real weekly-winner upside with real downside risk.
4429012,Kendall Milton,RB,24,0,170,0,0,47,0,WILDCARD,Kendall Milton is projected for 0.0 PPG off an ADP of 170.0. Similar running back profiles (47 comps) hit their projection 49% of the time and busted 45% of the time. Outcomes here run wide — real weekly-winner upside with real downside risk.
4248425,Carlos Washington Jr.,RB,27,0,170,0,0,38,0,OVERVALUED,Carlos Washington Jr. is projected for 0.0 PPG off an ADP of 170.0. Similar running back profiles (38 comps) hit their projection 50% of the time and busted 47% of the time. His draft cost is running ahead of what the data supports.
4429805,Frank Gore Jr.,RB,24,0,170,0,0,47,0,WILDCARD,Frank Gore Jr. is projected for 0.0 PPG off an ADP of 170.0. Similar running back profiles (47 comps) hit their projection 49% of the time and busted 45% of the time. Outcomes here run wide — real weekly-winner upside with real downside risk.
4698191,Chris Collier,RB,26,1,170,0,0,47,1,WILDCARD,Chris Collier is projected for 0.0 PPG off an ADP of 170.0. Similar running back profiles (47 comps) hit their projection 53% of the time and busted 43% of the time. Outcomes here run wide — real weekly-winner upside with real downside risk.
4361100,Jack Westover,RB,27,1,170,0,0,37,1,WILDCARD,Jack Westover is projected for 0.0 PPG off an ADP of 170.0. Similar running back profiles (37 comps) hit their projection 51% of the time and busted 46% of the time. Outcomes here run wide — real weekly-winner upside with real downside risk.
4710341,Jarquez Hunter,RB,23,1,170,0,0,39,1,WILDCARD,Jarquez Hunter is projected for 0.0 PPG off an ADP of 170.0. Similar running back profiles (39 comps) hit their projection 49% of the time and busted 44% of the time. Outcomes here run wide — real weekly-winner upside with real downside risk.
4429121,Kalel Mullings,RB,23,1,170,0,0,38,1,WILDCARD,Kalel Mullings is projected for 0.0 PPG off an ADP of 170.0. Similar running back profiles (38 comps) hit their projection 50% of the time and busted 42% of the time. Outcomes here run wide — real weekly-winner upside with real downside risk.
4431562,Phil Mafah,RB,23,1,170,0,0,39,1,WILDCARD,Phil Mafah is projected for 0.0 PPG off an ADP of 170.0. Similar running back profiles (39 comps) hit their projection 49% of the time and busted 44% of the time. Outcomes here run wide — real weekly-winner upside with real downside risk.
4808830,Damien Martinez,RB,22,0,170,0,0,29,0,WILDCARD,Damien Martinez is projected for 0.0 PPG off an ADP of 170.0. Similar running back profiles (29 comps) hit their projection 38% of the time and busted 48% of the time. Outcomes here run wide — real weekly-winner upside with real downside risk.
4682652,Devin Neal,RB,23,1,170,0,0,39,1,BUST,"Devin Neal is projected for 0.0 PPG off an ADP of 170.0. Similar running back profiles (39 comps) hit their projection 49% of the time and busted 44% of the time. Age, injury trend, and comparable outcomes point to real disappointment risk."
4691688,Robbie Ouzts,RB,24,1,170,0,0,46,1,WILDCARD,Robbie Ouzts is projected for 0.0 PPG off an ADP of 170.0. Similar running back profiles (46 comps) hit their projection 50% of the time and busted 43% of the time. Outcomes here run wide — real weekly-winner upside with real downside risk.
4431536,Donovan Edwards,RB,23,0,170,0,0,39,0,WILDCARD,Donovan Edwards is projected for 0.0 PPG off an ADP of 170.0. Similar running back profiles (39 comps) hit their projection 49% of the time and busted 44% of the time. Outcomes here run wide — real weekly-winner upside with real downside risk.
4431431,Corey Kiner,RB,24,1,170,0,0,47,1,OVERVALUED,Corey Kiner is projected for 0.0 PPG off an ADP of 170.0. Similar running back profiles (47 comps) hit their projection 49% of the time and busted 45% of the time. His draft cost is running ahead of what the data supports.
4601080,Raheim Sanders,RB,24,1,170,0,0,47,1,OVERVALUED,Raheim Sanders is projected for 0.0 PPG off an ADP of 170.0. Similar running back profiles (47 comps) hit their projection 49% of the time and busted 45% of the time. His draft cost is running ahead of what the data supports.
4698253,Lan Larison,RB,24,1,170,0,0,47,1,WILDCARD,Lan Larison is projected for 0.0 PPG off an ADP of 170.0. Similar running back profiles (47 comps) hit their projection 49% of the time and busted 45% of the time. Outcomes here run wide — real weekly-winner upside with real downside risk.
4605841,Nathan Carter,RB,24,1,170,0,0,46,1,WILDCARD,Nathan Carter is projected for 0.0 PPG off an ADP of 170.0. Similar running back profiles (46 comps) hit their projection 50% of the time and busted 46% of the time. Outcomes here run wide — real weekly-winner upside with real downside risk.
4257364,Zavier Scott,RB,27,1,170,0,0,38,0,OVERVALUED,Zavier Scott is projected for 0.0 PPG off an ADP of 170.0. Similar running back profiles (38 comps) hit their projection 50% of the time and busted 47% of the time. His draft cost is running ahead of what the data supports.
4878878,Amar Johnson,RB,23,0,170,0,0,39,0,WILDCARD,Amar Johnson is projected for 0.0 PPG off an ADP of 170.0. Similar running back profiles (39 comps) hit their projection 49% of the time and busted 44% of the time. Outcomes here run wide — real weekly-winner upside with real downside risk.
4428943,Jacardia Wright,RB,25,0,170,0,0,47,0,WILDCARD,Jacardia Wright is projected for 0.0 PPG off an ADP of 170.0. Similar running back profiles (47 comps) hit their projection 53% of the time and busted 40% of the time. Outcomes here run wide — real weekly-winner upside with real downside risk.
4426689,Ulysses Bentley IV,RB,25,0,170,0,0,47,0,WILDCARD,Ulysses Bentley IV is projected for 0.0 PPG off an ADP of 170.0. Similar running back profiles (47 comps) hit their projection 53% of the time and busted 40% of the time. Outcomes here run wide — real weekly-winner upside with real downside risk.
4012556,C.J. Ham,RB,33,10,170,0,0,4,3,BUST,"C.J. Ham is projected for 0.0 PPG off an ADP of 170.0. Over his last 3 seasons he's landed at 1.91x his preseason projection. Age, injury trend, and comparable outcomes point to real disappointment risk."
2983509,Dare Ogunbowale,RB,32,9,170,0,0,5,3,BUST,"Dare Ogunbowale is projected for 0.0 PPG off an ADP of 170.0. Over his last 3 seasons he's landed at 1.08x his preseason projection. Age, injury trend, and comparable outcomes point to real disappointment risk."
15807,Cordarrelle Patterson,RB,35,13,170,0,0,1,3,BUST,"Cordarrelle Patterson is projected for 0.0 PPG off an ADP of 170.0. Over his last 3 seasons he's landed at 0.59x his preseason projection. Age, injury trend, and comparable outcomes point to real disappointment risk."
4035222,Trayveon Williams,RB,28,7,170,0,0,26,3,OVERVALUED,Trayveon Williams is projected for 0.0 PPG off an ADP of 170.0. Over his last 3 seasons he's landed at 0.00x his preseason projection. His draft cost is running ahead of what the data supports.
3915381,John Kelly Jr.,RB,29,8,170,0,0,19,3,BUST,"John Kelly Jr. is projected for 0.0 PPG off an ADP of 170.0. Similar running back profiles (19 comps) hit their projection 47% of the time and busted 47% of the time. Age, injury trend, and comparable outcomes point to real disappointment risk."
3122976,Jeff Wilson Jr.,RB,29,8,170,0,0,18,3,BUST,"Jeff Wilson Jr. is projected for 0.0 PPG off an ADP of 170.0. Over his last 3 seasons he's landed at 1.01x his preseason projection. Age, injury trend, and comparable outcomes point to real disappointment risk."
3886818,Myles Gaskin,RB,29,7,170,0,0,18,3,BUST,"Myles Gaskin is projected for 0.0 PPG off an ADP of 170.0. Over his last 3 seasons he's landed at 0.22x his preseason projection. Age, injury trend, and comparable outcomes point to real disappointment risk."
4045163,Miles Sanders,RB,29,7,170,0,0,19,3,BUST,"Miles Sanders is projected for 0.0 PPG off an ADP of 170.0. Over his last 3 seasons he's landed at 1.21x his preseason projection. Age, injury trend, and comparable outcomes point to real disappointment risk."
3916430,Nyheim Hines,RB,29,8,170,0,0,19,3,BUST,"Nyheim Hines is projected for 0.0 PPG off an ADP of 170.0. Similar running back profiles (19 comps) hit their projection 47% of the time and busted 47% of the time. Age, injury trend, and comparable outcomes point to real disappointment risk."
4048244,Alexander Mattison,RB,28,7,170,0,0,27,3,BUST,"Alexander Mattison is projected for 0.0 PPG off an ADP of 170.0. Over his last 3 seasons he's landed at 1.48x his preseason projection. Age, injury trend, and comparable outcomes point to real disappointment risk."
3116385,Joe Mixon,RB,30,9,170,0,0,14,3,BUST,"Joe Mixon is projected for 0.0 PPG off an ADP of 170.0. Over his last 3 seasons he's landed at 0.55x his preseason projection. Age, injury trend, and comparable outcomes point to real disappointment risk."
3116593,Dalvin Cook,RB,31,9,170,0,0,8,3,BUST,"Dalvin Cook is projected for 0.0 PPG off an ADP of 170.0. Over his last 3 seasons he's landed at 0.24x his preseason projection. Age, injury trend, and comparable outcomes point to real disappointment risk."
3128720,Nick Chubb,RB,30,8,170,0,0,14,3,BUST,"Nick Chubb is projected for 0.0 PPG off an ADP of 170.0. Over his last 3 seasons he's landed at 0.68x his preseason projection. Age, injury trend, and comparable outcomes point to real disappointment risk."
3119195,Chase Edmonds,RB,30,8,170,0,0,14,3,BUST,"Chase Edmonds is projected for 0.0 PPG off an ADP of 170.0. Similar running back profiles (14 comps) hit their projection 50% of the time and busted 50% of the time. Age, injury trend, and comparable outcomes point to real disappointment risk."
3139033,Mike Boone,RB,31,8,170,0,0,8,3,BUST,"Mike Boone is projected for 0.0 PPG off an ADP of 170.0. Similar running back profiles (8 comps) hit their projection 50% of the time and busted 50% of the time. Age, injury trend, and comparable outcomes point to real disappointment risk."
3125116,D'Onta Foreman,RB,30,9,170,0,0,13,3,BUST,"D'Onta Foreman is projected for 0.0 PPG off an ADP of 170.0. Over his last 3 seasons he's landed at 0.54x his preseason projection. Age, injury trend, and comparable outcomes point to real disappointment risk."
3059915,Kareem Hunt,RB,31,9,170,0,0,8,3,BUST,"Kareem Hunt is projected for 0.0 PPG off an ADP of 170.0. Over his last 3 seasons he's landed at 1.45x his preseason projection. Age, injury trend, and comparable outcomes point to real disappointment risk."
3051392,Ezekiel Elliott,RB,31,10,170,0,0,8,3,BUST,"Ezekiel Elliott is projected for 0.0 PPG off an ADP of 170.0. Over his last 3 seasons he's landed at 0.73x his preseason projection. Age, injury trend, and comparable outcomes point to real disappointment risk."
3051926,Gus Edwards,RB,31,8,170,0,0,8,3,BUST,"Gus Edwards is projected for 0.0 PPG off an ADP of 170.0. Over his last 3 seasons he's landed at 0.57x his preseason projection. Age, injury trend, and comparable outcomes point to real disappointment risk."
2980453,Jamaal Williams,RB,31,9,170,0,0,8,3,BUST,"Jamaal Williams is projected for 0.0 PPG off an ADP of 170.0. Over his last 3 seasons he's landed at 0.39x his preseason projection. Age, injury trend, and comparable outcomes point to real disappointment risk."
3139602,D'Ernest Johnson,RB,30,7,170,0,0,14,3,BUST,"D'Ernest Johnson is projected for 0.0 PPG off an ADP of 170.0. Over his last 3 seasons he's landed at 0.74x his preseason projection. Age, injury trend, and comparable outcomes point to real disappointment risk."
3122154,Khari Blasingame,RB,30,7,170,0,0,13,3,BUST,"Khari Blasingame is projected for 0.0 PPG off an ADP of 170.0. Over his last 3 seasons he's landed at 0.00x his preseason projection. Age, injury trend, and comparable outcomes point to real disappointment risk."
4421446,Craig Reynolds,RB,30,7,170,0,0,13,3,BUST,"Craig Reynolds is projected for 0.0 PPG off an ADP of 170.0. Over his last 3 seasons he's landed at 0.34x his preseason projection. Age, injury trend, and comparable outcomes point to real disappointment risk."
4242214,Clyde Edwards-Helaire,RB,27,6,170,0,0,38,3,OVERVALUED,Clyde Edwards-Helaire is projected for 0.0 PPG off an ADP of 170.0. Over his last 3 seasons he's landed at 0.75x his preseason projection. His draft cost is running ahead of what the data supports.
4240021,Cam Akers,RB,27,6,170,0,0,38,3,BUST,"Cam Akers is projected for 0.0 PPG off an ADP of 170.0. Over his last 3 seasons he's landed at 1.79x his preseason projection. Age, injury trend, and comparable outcomes point to real disappointment risk."
3917612,Ke'Shawn Vaughn,RB,29,6,170,0,0,19,3,BUST,"Ke'Shawn Vaughn is projected for 0.0 PPG off an ADP of 170.0. Similar running back profiles (19 comps) hit their projection 47% of the time and busted 47% of the time. Age, injury trend, and comparable outcomes point to real disappointment risk."
4035676,Zack Moss,RB,28,6,170,0,0,27,3,BUST,"Zack Moss is projected for 0.0 PPG off an ADP of 170.0. Over his last 3 seasons he's landed at 0.92x his preseason projection. Age, injury trend, and comparable outcomes point to real disappointment risk."
4036431,Darrynton Evans,RB,28,6,170,0,0,27,3,BUST,"Darrynton Evans is projected for 0.0 PPG off an ADP of 170.0. Similar running back profiles (27 comps) hit their projection 41% of the time and busted 56% of the time. Age, injury trend, and comparable outcomes point to real disappointment risk."
3910544,Joshua Kelley,RB,28,6,170,0,0,27,3,BUST,"Joshua Kelley is projected for 0.0 PPG off an ADP of 170.0. Over his last 3 seasons he's landed at 0.45x his preseason projection. Age, injury trend, and comparable outcomes point to real disappointment risk."
4360294,Antonio Gibson,RB,28,6,170,0,0,26,3,BUST,"Antonio Gibson is projected for 0.0 PPG off an ADP of 170.0. Over his last 3 seasons he's landed at 4.74x his preseason projection. Age, injury trend, and comparable outcomes point to real disappointment risk."
3928925,JaMycal Hasty,RB,29,6,170,0,0,18,3,BUST,"JaMycal Hasty is projected for 0.0 PPG off an ADP of 170.0. Over his last 3 seasons he's landed at 0.66x his preseason projection. Age, injury trend, and comparable outcomes point to real disappointment risk."
4039607,J.J. Taylor,RB,28,6,170,0,0,27,3,OVERVALUED,J.J. Taylor is projected for 0.0 PPG off an ADP of 170.0. Similar running back profiles (27 comps) hit their projection 41% of the time and busted 56% of the time. His draft cost is running ahead of what the data supports.
4039274,Jonathan Ward,RB,28,6,170,0,0,27,3,OVERVALUED,Jonathan Ward is projected for 0.0 PPG off an ADP of 170.0. Similar running back profiles (27 comps) hit their projection 41% of the time and busted 56% of the time. His draft cost is running ahead of what the data supports.
4046676,Tony Jones Jr.,RB,28,6,170,0,0,27,3,BUST,"Tony Jones Jr. is projected for 0.0 PPG off an ADP of 170.0. Similar running back profiles (27 comps) hit their projection 41% of the time and busted 56% of the time. Age, injury trend, and comparable outcomes point to real disappointment risk."
4241457,Najee Harris,RB,28,5,170,0,0,27,3,BUST,"Najee Harris is projected for 0.0 PPG off an ADP of 170.0. Over his last 3 seasons he's landed at 0.83x his preseason projection. Age, injury trend, and comparable outcomes point to real disappointment risk."
4241401,Trey Sermon,RB,27,5,170,0,0,37,3,OVERVALUED,Trey Sermon is projected for 0.0 PPG off an ADP of 170.0. Over his last 3 seasons he's landed at 0.74x his preseason projection. His draft cost is running ahead of what the data supports.
4374033,Jermar Jefferson,RB,26,2,170,0,0,47,2,BUST,"Jermar Jefferson is projected for 0.0 PPG off an ADP of 170.0. Similar running back profiles (47 comps) hit their projection 53% of the time and busted 43% of the time. Age, injury trend, and comparable outcomes point to real disappointment risk."
4035886,Khalil Herbert,RB,28,5,170,0,0,27,3,BUST,"Khalil Herbert is projected for 0.0 PPG off an ADP of 170.0. Over his last 3 seasons he's landed at 0.30x his preseason projection. Age, injury trend, and comparable outcomes point to real disappointment risk."
4048259,Avery Williams,RB,28,5,170,0,0,27,3,WILDCARD,Avery Williams is projected for 0.0 PPG off an ADP of 170.0. Over his last 3 seasons he's landed at 0.00x his preseason projection. Outcomes here run wide — real weekly-winner upside with real downside risk.
4390717,Josh Johnson,RB,28,1,170,0,0,27,2,WILDCARD,Josh Johnson is projected for 0.0 PPG off an ADP of 170.0. Similar running back profiles (27 comps) hit their projection 41% of the time and busted 56% of the time. Outcomes here run wide — real weekly-winner upside with real downside risk.
4372071,Hassan Haskins,RB,26,4,170,0,0,45,3,OVERVALUED,Hassan Haskins is projected for 0.0 PPG off an ADP of 170.0. Over his last 3 seasons he's landed at 1.69x his preseason projection. His draft cost is running ahead of what the data supports.
4361777,Zamir White,RB,26,4,170,0,0,46,3,OVERVALUED,Zamir White is projected for 0.0 PPG off an ADP of 170.0. Over his last 3 seasons he's landed at 0.35x his preseason projection. His draft cost is running ahead of what the data supports.
4426475,Tyrion Davis-Price,RB,25,3,170,0,0,47,3,WILDCARD,Tyrion Davis-Price is projected for 0.0 PPG off an ADP of 170.0. Similar running back profiles (47 comps) hit their projection 53% of the time and busted 40% of the time. Outcomes here run wide — real weekly-winner upside with real downside risk.
4362087,Keaontay Ingram,RB,26,3,170,0,0,47,3,WILDCARD,Keaontay Ingram is projected for 0.0 PPG off an ADP of 170.0. Similar running back profiles (47 comps) hit their projection 53% of the time and busted 43% of the time. Outcomes here run wide — real weekly-winner upside with real downside risk.
4259308,Raheem Blackshear,RB,28,4,170,0,0,27,3,OVERVALUED,Raheem Blackshear is projected for 0.0 PPG off an ADP of 170.0. Over his last 3 seasons he's landed at 0.46x his preseason projection. His draft cost is running ahead of what the data supports.
4274040,Troy Hairston,RB,27,3,170,0,0,38,3,OVERVALUED,Troy Hairston is projected for 0.0 PPG off an ADP of 170.0. Similar running back profiles (38 comps) hit their projection 50% of the time and busted 47% of the time. His draft cost is running ahead of what the data supports.
4431453,Deuce Vaughn,RB,24,3,170,0,0,46,3,OVERVALUED,Deuce Vaughn is projected for 0.0 PPG off an ADP of 170.0. Over his last 3 seasons he's landed at 0.48x his preseason projection. His draft cost is running ahead of what the data supports.
4685035,Zach Evans,RB,25,2,170,0,0,47,2,WILDCARD,Zach Evans is projected for 0.0 PPG off an ADP of 170.0. Similar running back profiles (47 comps) hit their projection 53% of the time and busted 40% of the time. Outcomes here run wide — real weekly-winner upside with real downside risk.
4430388,DeWayne McBride,RB,25,1,170,0,0,47,1,WILDCARD,DeWayne McBride is projected for 0.0 PPG off an ADP of 170.0. Similar running back profiles (47 comps) hit their projection 53% of the time and busted 40% of the time. Outcomes here run wide — real weekly-winner upside with real downside risk.
4372526,Deneric Prince,RB,26,1,170,0,0,47,1,WILDCARD,Deneric Prince is projected for 0.0 PPG off an ADP of 170.0. Similar running back profiles (47 comps) hit their projection 53% of the time and busted 43% of the time. Outcomes here run wide — real weekly-winner upside with real downside risk.
4240750,Mohamed Ibrahim,RB,28,1,170,0,0,27,1,WILDCARD,Mohamed Ibrahim is projected for 0.0 PPG off an ADP of 170.0. Similar running back profiles (27 comps) hit their projection 41% of the time and busted 56% of the time. Outcomes here run wide — real weekly-winner upside with real downside risk.
4248909,Elijah Dotson,RB,27,2,170,0,0,38,2,OVERVALUED,Elijah Dotson is projected for 0.0 PPG off an ADP of 170.0. Similar running back profiles (38 comps) hit their projection 50% of the time and busted 47% of the time. His draft cost is running ahead of what the data supports.
4240350,Xazavian Valladay,RB,28,1,170,0,0,27,1,WILDCARD,Xazavian Valladay is projected for 0.0 PPG off an ADP of 170.0. Similar running back profiles (27 comps) hit their projection 41% of the time and busted 56% of the time. Outcomes here run wide — real weekly-winner upside with real downside risk.
4243004,Jordan Mims,RB,27,2,170,0,0,38,2,BUST,"Jordan Mims is projected for 0.0 PPG off an ADP of 170.0. Over his last 2 seasons he's landed at 1.91x his preseason projection. Age, injury trend, and comparable outcomes point to real disappointment risk."
4685016,Ellis Merriweather,RB,27,1,170,0,0,38,1,OVERVALUED,Ellis Merriweather is projected for 0.0 PPG off an ADP of 170.0. Similar running back profiles (38 comps) hit their projection 50% of the time and busted 47% of the time. His draft cost is running ahead of what the data supports.
4249616,Owen Wright,RB,27,2,170,0,0,38,2,OVERVALUED,Owen Wright is projected for 0.0 PPG off an ADP of 170.0. Similar running back profiles (38 comps) hit their projection 50% of the time and busted 47% of the time. His draft cost is running ahead of what the data supports.
4362162,SaRodorick Thompson Jr.,RB,26,1,170,0,0,47,1,WILDCARD,SaRodorick Thompson Jr. is projected for 0.0 PPG off an ADP of 170.0. Similar running back profiles (47 comps) hit their projection 53% of the time and busted 43% of the time. Outcomes here run wide — real weekly-winner upside with real downside risk.
4429001,Jase McClellan,RB,24,2,170,0,0,46,2,BUST,"Jase McClellan is projected for 0.0 PPG off an ADP of 170.0. Over his last 2 seasons he's landed at 0.80x his preseason projection. Age, injury trend, and comparable outcomes point to real disappointment risk."
4567095,Keilan Robinson,RB,26,2,170,0,0,47,2,BUST,"Keilan Robinson is projected for 0.0 PPG off an ADP of 170.0. Similar running back profiles (47 comps) hit their projection 53% of the time and busted 43% of the time. Age, injury trend, and comparable outcomes point to real disappointment risk."
5208436,Louis Rees-Zammit,RB,25,1,170,0,0,47,1,WILDCARD,Louis Rees-Zammit is projected for 0.0 PPG off an ADP of 170.0. Similar running back profiles (47 comps) hit their projection 53% of the time and busted 40% of the time. Outcomes here run wide — real weekly-winner upside with real downside risk.
4361604,Blake Watson,RB,26,2,170,0,0,47,2,BUST,"Blake Watson is projected for 0.0 PPG off an ADP of 170.0. Over his last 2 seasons he's landed at 1.33x his preseason projection. Age, injury trend, and comparable outcomes point to real disappointment risk."
4569156,Michael Wiley,RB,24,1,170,0,0,47,1,BUST,"Michael Wiley is projected for 0.0 PPG off an ADP of 170.0. Similar running back profiles (47 comps) hit their projection 49% of the time and busted 45% of the time. Age, injury trend, and comparable outcomes point to real disappointment risk."
4248068,Aaron Shampklin,RB,26,1,170,0,0,47,1,WILDCARD,Aaron Shampklin is projected for 0.0 PPG off an ADP of 170.0. Similar running back profiles (47 comps) hit their projection 53% of the time and busted 43% of the time. Outcomes here run wide — real weekly-winner upside with real downside risk.
4240911,Jacob Kibodi,RB,27,0,170,0,0,38,0,OVERVALUED,Jacob Kibodi is projected for 0.0 PPG off an ADP of 170.0. Similar running back profiles (38 comps) hit their projection 50% of the time and busted 47% of the time. His draft cost is running ahead of what the data supports.
4038441,Justice Hill,RB,28,7,170.1,6.72,7.31691893,7,3,SLEEPER,Justice Hill is projected for 6.7 PPG off an ADP of 170.1. Over his last 3 seasons he's landed at 1.18x his preseason projection. His ADP undersells his likely output — worth a look in the later rounds.
4685397,Jordan James,RB,22,1,170.1,3.79,1.774496477,8,1,SLEEPER,Jordan James is projected for 3.8 PPG off an ADP of 170.1. Similar running back profiles (8 comps) hit their projection 12% of the time and busted 62% of the time. His ADP undersells his likely output — worth a look in the later rounds.
4682745,Jaylen Wright,RB,23,2,170.1,2.55,2.229603143,10,2,BREAKOUT,"Jaylen Wright is projected for 2.5 PPG off an ADP of 170.1. Over his last 2 seasons he's landed at 0.96x his preseason projection. Age, trend, and role all point toward a real step forward this year."
4711533,Ollie Gordon II,RB,22,1,170.1,2.04,1.282113752,8,1,SLEEPER,Ollie Gordon II is projected for 2.0 PPG off an ADP of 170.1. Similar running back profiles (8 comps) hit their projection 12% of the time and busted 62% of the time. His ADP undersells his likely output — worth a look in the later rounds.
4362478,Emari Demercado,RB,27,3,170.1,3.73,5.405089199,7,3,SLEEPER,Emari Demercado is projected for 3.7 PPG off an ADP of 170.1. Over his last 3 seasons he's landed at 1.90x his preseason projection. His ADP undersells his likely output — worth a look in the later rounds.
4429275,Trey Benson,RB,24,2,170.1,0,0,10,2,SLEEPER,Trey Benson is projected for 0.0 PPG off an ADP of 170.1. Over his last 2 seasons he's landed at 0.79x his preseason projection. His ADP undersells his likely output — worth a look in the later rounds.
3149687,Chris Brooks,RB,26,3,170.1,2.57,2.491568167,10,3,SLEEPER,Chris Brooks is projected for 2.6 PPG off an ADP of 170.1. Over his last 3 seasons he's landed at 1.30x his preseason projection. His ADP undersells his likely output — worth a look in the later rounds.
4695404,Isaiah Davis,RB,24,2,170.1,2.31,2.730831119,9,2,BREAKOUT,"Isaiah Davis is projected for 2.3 PPG off an ADP of 170.1. Over his last 2 seasons he's landed at 1.71x his preseason projection. Age, trend, and role all point toward a real step forward this year."
4874509,DJ Giddens,RB,23,1,170.1,2.12,1.755623599,10,1,BREAKOUT,"DJ Giddens is projected for 2.1 PPG off an ADP of 170.1. Similar running back profiles (10 comps) hit their projection 30% of the time and busted 50% of the time. Age, trend, and role all point toward a real step forward this year."
4240603,Malik Davis,RB,27,2,170.1,2.09,2.09,7,2,BREAKOUT,"Malik Davis is projected for 2.1 PPG off an ADP of 170.1. Limited historical comps make this a lower-confidence read. Age, trend, and role all point toward a real step forward this year."
4430871,Sean Tucker,RB,24,3,170.1,1.95,3.28141163,10,3,BREAKOUT,"Sean Tucker is projected for 1.9 PPG off an ADP of 170.1. Over his last 3 seasons he's landed at 2.55x his preseason projection. Age, trend, and role all point toward a real step forward this year."
4431545,Will Shipley,RB,24,2,170.1,1.65,1.089820307,10,2,BREAKOUT,"Will Shipley is projected for 1.6 PPG off an ADP of 170.1. Over his last 2 seasons he's landed at 0.43x his preseason projection. Age, trend, and role all point toward a real step forward this year."
4383396,Hunter Luepke,RB,26,3,170.1,1.48,2.335110808,10,3,SLEEPER,Hunter Luepke is projected for 1.5 PPG off an ADP of 170.1. Over his last 3 seasons he's landed at 2.51x his preseason projection. His ADP undersells his likely output — worth a look in the later rounds.
4362748,Tyler Badie,RB,26,2,170.1,1.15,1.269253782,10,2,SLEEPER,Tyler Badie is projected for 1.1 PPG off an ADP of 170.1. Over his last 2 seasons he's landed at 1.80x his preseason projection. His ADP undersells his likely output — worth a look in the later rounds.
3929914,Adam Prentice,RB,29,5,170.1,0.62,0.31,6,3,SLEEPER,Adam Prentice is projected for 0.6 PPG off an ADP of 170.1. Over his last 3 seasons he's landed at 0.00x his preseason projection. His ADP undersells his likely output — worth a look in the later rounds.
2975417,Patrick Ricard,RB,32,9,170.1,0.44,0.47671635,3,3,SLEEPER,Patrick Ricard is projected for 0.4 PPG off an ADP of 170.1. Over his last 3 seasons he's landed at 1.17x his preseason projection. His ADP undersells his likely output — worth a look in the later rounds.
2576414,Raheem Mostert,RB,34,11,170.1,0,0,1,3,SLEEPER,Raheem Mostert is projected for 0.0 PPG off an ADP of 170.1. Over his last 3 seasons he's landed at 0.67x his preseason projection. His ADP undersells his likely output — worth a look in the later rounds.
3068267,Austin Ekeler,RB,31,9,170.1,0,0,4,3,SLEEPER,Austin Ekeler is projected for 0.0 PPG off an ADP of 170.1. Over his last 3 seasons he's landed at 0.71x his preseason projection. His ADP undersells his likely output — worth a look in the later rounds.
3115349,Jakob Johnson,RB,31,7,170.1,0,0,4,3,SLEEPER,Jakob Johnson is projected for 0.0 PPG off an ADP of 170.1. Over his last 3 seasons he's landed at 0.31x his preseason projection. His ADP undersells his likely output — worth a look in the later rounds.
4911851,LeQuint Allen Jr.,RB,22,1,170.2,2.73,1.62062199,8,1,SLEEPER,LeQuint Allen Jr. is projected for 2.7 PPG off an ADP of 170.2. Similar running back profiles (8 comps) hit their projection 12% of the time and busted 62% of the time. His ADP undersells his likely output — worth a look in the later rounds.
4430968,Kimani Vidal,RB,25,2,170.2,2.29,2.043483602,10,2,BREAKOUT,"Kimani Vidal is projected for 2.3 PPG off an ADP of 170.2. Over his last 2 seasons he's landed at 1.23x his preseason projection. Age, trend, and role all point toward a real step forward this year."
4429835,George Holani,RB,26,2,170.2,2.44,3.425437136,10,2,SLEEPER,George Holani is projected for 2.4 PPG off an ADP of 170.2. Over his last 2 seasons he's landed at 2.55x his preseason projection. His ADP undersells his likely output — worth a look in the later rounds.
4596334,Keaton Mitchell,RB,24,3,170.3,3.76,4.217031122,10,3,BREAKOUT,"Keaton Mitchell is projected for 3.8 PPG off an ADP of 170.3. Over his last 3 seasons he's landed at 1.43x his preseason projection. Age, trend, and role all point toward a real step forward this year."
4429023,MarShawn Lloyd,RB,25,2,170.3,3.8,1.917056591,9,2,BREAKOUT,"MarShawn Lloyd is projected for 3.8 PPG off an ADP of 170.3. Over his last 2 seasons he's landed at 0.22x his preseason projection. Age, trend, and role all point toward a real step forward this year."
3915411,Ty Johnson,RB,28,7,170.3,4.99,6.078512581,7,3,SLEEPER,Ty Johnson is projected for 5.0 PPG off an ADP of 170.3. Over his last 3 seasons he's landed at 1.44x his preseason projection. His ADP undersells his likely output — worth a look in the later rounds.
3116389,Samaje Perine,RB,30,9,170.4,5.92,6.831828036,5,3,SLEEPER,Samaje Perine is projected for 5.9 PPG off an ADP of 170.4. Over his last 3 seasons he's landed at 1.31x his preseason projection. His ADP undersells his likely output — worth a look in the later rounds.
5081397,Dylan Sampson,RB,21,1,170.5,5.09,4.451578498,5,1,SLEEPER,Dylan Sampson is projected for 5.1 PPG off an ADP of 170.5. Limited historical comps make this a lower-confidence read. His ADP undersells his likely output — worth a look in the later rounds.
4887558,Emanuel Wilson,RB,27,3,170.7,1.65,2.78788917,7,3,BREAKOUT,"Emanuel Wilson is projected for 1.6 PPG off an ADP of 170.7. Over his last 3 seasons he's landed at 2.38x his preseason projection. Age, trend, and role all point toward a real step forward this year."
4429501,Ray Davis,RB,26,2,170.8,2.24,1.784068723,10,2,SLEEPER,Ray Davis is projected for 2.2 PPG off an ADP of 170.8. Over his last 2 seasons he's landed at 1.03x his preseason projection. His ADP undersells his likely output — worth a look in the later rounds.
4361307,Trey McBride,TE,26,4,20.6,14.8,19.56827053,42,3,STAR,"Trey McBride is projected for 14.8 PPG off an ADP of 20.6. Over his last 3 seasons he's landed at 1.59x his preseason projection. He's an established, consistent difference-maker at the position."
4432665,Brock Bowers,TE,23,2,23.4,14.14,17.17444181,41,2,BREAKOUT,"Brock Bowers is projected for 14.1 PPG off an ADP of 23.4. Over his last 2 seasons he's landed at 1.28x his preseason projection. Age, trend, and role all point toward a real step forward this year."
4723086,Colston Loveland,TE,22,1,43.8,12.11,14.70076742,30,1,BREAKOUT,"Colston Loveland is projected for 12.1 PPG off an ADP of 43.8. Similar tight end profiles (30 comps) hit their projection 43% of the time and busted 27% of the time. Age, trend, and role all point toward a real step forward this year."
4431459,Tyler Warren,TE,24,1,46.7,12.24,14.65372078,48,1,BREAKOUT,"Tyler Warren is projected for 12.2 PPG off an ADP of 46.7. Similar tight end profiles (48 comps) hit their projection 44% of the time and busted 25% of the time. Age, trend, and role all point toward a real step forward this year."
4360248,Kyle Pitts Sr.,TE,25,4,67.5,10.89,12.53622149,47,3,BREAKOUT,"Kyle Pitts Sr. is projected for 10.9 PPG off an ADP of 67.5. Over his last 3 seasons he's landed at 1.08x his preseason projection. Age, trend, and role all point toward a real step forward this year."
5083076,Harold Fannin Jr.,TE,22,1,69.6,11.01,20.36392604,34,1,RISKY,"Harold Fannin Jr. is projected for 11.0 PPG off an ADP of 69.6. Similar tight end profiles (34 comps) hit their projection 44% of the time and busted 24% of the time. Health, role, or situational uncertainty make him a volatile bet."
4430027,Sam LaPorta,TE,25,3,74.6,11.1,11.89414924,47,3,RISKY,"Sam LaPorta is projected for 11.1 PPG off an ADP of 74.6. Over his last 3 seasons he's landed at 0.92x his preseason projection. Health, role, or situational uncertainty make him a volatile bet."
3040151,George Kittle,TE,32,9,82.7,12.64,14.353169,13,3,RISKY,"George Kittle is projected for 12.6 PPG off an ADP of 82.7. Over his last 3 seasons he's landed at 1.22x his preseason projection. Health, role, or situational uncertainty make him a volatile bet."
15847,Travis Kelce,TE,36,13,93.4,10.4,10.25066475,2,3,AVERAGE,Travis Kelce is projected for 10.4 PPG off an ADP of 93.4. Over his last 3 seasons he's landed at 0.97x his preseason projection. Production and cost look roughly in line with expectations.
3121023,Dallas Goedert,TE,31,8,103.6,10.39,11.15704869,21,3,AVERAGE,Dallas Goedert is projected for 10.4 PPG off an ADP of 103.6. Over his last 3 seasons he's landed at 1.18x his preseason projection. Production and cost look roughly in line with expectations.
4572680,Tucker Kraft,TE,25,3,108.4,9.54,13.18379308,50,3,RISKY,"Tucker Kraft is projected for 9.5 PPG off an ADP of 108.4. Over his last 3 seasons he's landed at 1.55x his preseason projection. Health, role, or situational uncertainty make him a volatile bet."
4242355,Jake Ferguson,TE,27,4,109.4,9.83,10.13135826,41,3,AVERAGE,Jake Ferguson is projected for 9.8 PPG off an ADP of 109.4. Over his last 3 seasons he's landed at 0.96x his preseason projection. Production and cost look roughly in line with expectations.
4361050,Isaiah Likely,TE,26,4,127.2,9.22,9.934203127,47,3,BREAKOUT,"Isaiah Likely is projected for 9.2 PPG off an ADP of 127.2. Over his last 3 seasons he's landed at 0.99x his preseason projection. Age, trend, and role all point toward a real step forward this year."
3116365,Mark Andrews,TE,31,8,135.6,9.97,9.061429529,22,3,AVERAGE,Mark Andrews is projected for 10.0 PPG off an ADP of 135.6. Over his last 3 seasons he's landed at 0.82x his preseason projection. Production and cost look roughly in line with expectations.
5083315,Kenyon Sadiq,TE,21,0,145.6,9.55,12.31606079,20,0,RISKY,"Kenyon Sadiq is projected for 9.6 PPG off an ADP of 145.6. Similar tight end profiles (20 comps) hit their projection 50% of the time and busted 20% of the time. Health, role, or situational uncertainty make him a volatile bet."
4036133,T.J. Hockenson,TE,29,7,146.6,9.3,7.745729675,36,3,BUST,"T.J. Hockenson is projected for 9.3 PPG off an ADP of 146.6. Over his last 3 seasons he's landed at 0.68x his preseason projection. Age, injury trend, and comparable outcomes point to real disappointment risk."
4385690,Dalton Kincaid,TE,26,3,149.9,9.15,9.728094739,52,3,BREAKOUT,"Dalton Kincaid is projected for 9.2 PPG off an ADP of 149.9. Over his last 3 seasons he's landed at 0.95x his preseason projection. Age, trend, and role all point toward a real step forward this year."
3046439,Hunter Henry,TE,31,10,157.2,8.81,9.820311495,27,3,AVERAGE,Hunter Henry is projected for 8.8 PPG off an ADP of 157.2. Over his last 3 seasons he's landed at 1.22x his preseason projection. Production and cost look roughly in line with expectations.
3929645,Juwan Johnson,TE,29,6,165.4,8.39,9.123300983,36,3,BREAKOUT,"Juwan Johnson is projected for 8.4 PPG off an ADP of 165.4. Over his last 3 seasons he's landed at 1.22x his preseason projection. Age, trend, and role all point toward a real step forward this year."
4430539,Brenton Strange,TE,25,3,167.2,8.37,13.59298913,59,3,BREAKOUT,"Brenton Strange is projected for 8.4 PPG off an ADP of 167.2. Over his last 3 seasons he's landed at 2.00x his preseason projection. Age, trend, and role all point toward a real step forward this year."
4570037,Terrance Ferguson,TE,23,1,168.2,7.99,10.51479277,58,1,BREAKOUT,"Terrance Ferguson is projected for 8.0 PPG off an ADP of 168.2. Similar tight end profiles (58 comps) hit their projection 50% of the time and busted 22% of the time. Age, trend, and role all point toward a real step forward this year."
3117256,Dalton Schultz,TE,30,8,168.4,7.85,8.227268529,35,3,AVERAGE,Dalton Schultz is projected for 7.8 PPG off an ADP of 168.4. Over his last 3 seasons he's landed at 1.10x his preseason projection. Production and cost look roughly in line with expectations.
4595342,Oronde Gadsden,TE,23,1,168.4,6.82,6.82,59,1,AVERAGE,Oronde Gadsden is projected for 6.8 PPG off an ADP of 168.4. Similar tight end profiles (59 comps) hit their projection 51% of the time and busted 22% of the time. Production and cost look roughly in line with expectations.
4360635,Chig Okonkwo,TE,27,4,168.6,7.19,7.138478628,47,3,AVERAGE,Chig Okonkwo is projected for 7.2 PPG off an ADP of 168.6. Over his last 3 seasons he's landed at 0.88x his preseason projection. Production and cost look roughly in line with expectations.
4361411,Pat Freiermuth,TE,27,5,168.9,7.99,7.842383334,46,3,AVERAGE,Pat Freiermuth is projected for 8.0 PPG off an ADP of 168.9. Over his last 3 seasons he's landed at 0.86x his preseason projection. Production and cost look roughly in line with expectations.
4576297,AJ Barner,TE,24,2,169.1,6.69,11.28014352,59,2,RISKY,"AJ Barner is projected for 6.7 PPG off an ADP of 169.1. Over his last 2 seasons he's landed at 2.34x his preseason projection. Health, role, or situational uncertainty make him a volatile bet."
4430802,Darnell Washington,TE,25,3,169.7,4.25,10.08226073,59,3,BREAKOUT,"Darnell Washington is projected for 4.2 PPG off an ADP of 169.7. Over his last 3 seasons he's landed at 3.49x his preseason projection. Age, trend, and role all point toward a real step forward this year."
4258595,Cole Kmet,TE,27,6,169.7,3.15,3.965485208,47,3,AVERAGE,Cole Kmet is projected for 3.1 PPG off an ADP of 169.7. Over his last 3 seasons he's landed at 1.41x his preseason projection. Production and cost look roughly in line with expectations.
4686728,Gunnar Helm,TE,24,1,169.8,7.44,10.01165936,61,1,BREAKOUT,"Gunnar Helm is projected for 7.4 PPG off an ADP of 169.8. Similar tight end profiles (61 comps) hit their projection 48% of the time and busted 25% of the time. Age, trend, and role all point toward a real step forward this year."
2573401,Tyler Higbee,TE,33,10,169.8,2.24,2.439194166,12,3,OVERVALUED,Tyler Higbee is projected for 2.2 PPG off an ADP of 169.8. Over his last 3 seasons he's landed at 1.11x his preseason projection. His draft cost is running ahead of what the data supports.
4431588,Ja'Tavion Sanders,TE,23,2,169.9,4.54,5.512240558,57,2,BREAKOUT,"Ja'Tavion Sanders is projected for 4.5 PPG off an ADP of 169.9. Over his last 2 seasons he's landed at 1.03x his preseason projection. Age, trend, and role all point toward a real step forward this year."
3930086,Dawson Knox,TE,29,7,169.9,4.02,4.863859829,37,3,AVERAGE,Dawson Knox is projected for 4.0 PPG off an ADP of 169.9. Over his last 3 seasons he's landed at 1.44x his preseason projection. Production and cost look roughly in line with expectations.
4808766,Mason Taylor,TE,22,1,169.9,3.38,4.102554756,42,1,AVERAGE,Mason Taylor is projected for 3.4 PPG off an ADP of 169.9. Similar tight end profiles (42 comps) hit their projection 50% of the time and busted 24% of the time. Production and cost look roughly in line with expectations.
4240472,Noah Gray,TE,27,5,169.9,3.56,3.658460421,46,3,AVERAGE,Noah Gray is projected for 3.6 PPG off an ADP of 169.9. Over his last 3 seasons he's landed at 0.95x his preseason projection. Production and cost look roughly in line with expectations.
4426844,Elijah Higgins,TE,25,3,169.9,2.53,3.387160356,59,3,AVERAGE,Elijah Higgins is projected for 2.5 PPG off an ADP of 169.9. Over his last 3 seasons he's landed at 1.43x his preseason projection. Production and cost look roughly in line with expectations.
4427834,Erick All Jr.,TE,25,2,169.9,2.36,4.475439801,59,2,RISKY,"Erick All Jr. is projected for 2.4 PPG off an ADP of 169.9. Over his last 2 seasons he's landed at 2.91x his preseason projection. Health, role, or situational uncertainty make him a volatile bet."
4831959,Eli Raridon,TE,22,0,169.9,2.18,2.856702012,43,0,OVERVALUED,Eli Raridon is projected for 2.2 PPG off an ADP of 169.9. Similar tight end profiles (43 comps) hit their projection 49% of the time and busted 23% of the time. His draft cost is running ahead of what the data supports.
4428085,Luke Musgrave,TE,26,3,169.9,1.92,1.977198996,53,3,OVERVALUED,Luke Musgrave is projected for 1.9 PPG off an ADP of 169.9. Over his last 3 seasons he's landed at 0.87x his preseason projection. His draft cost is running ahead of what the data supports.
4372096,Luke Schoonmaker,TE,27,3,169.9,1.63,1.627868972,47,3,OVERVALUED,Luke Schoonmaker is projected for 1.6 PPG off an ADP of 169.9. Over his last 3 seasons he's landed at 0.90x his preseason projection. His draft cost is running ahead of what the data supports.
4242392,Brock Wright,TE,27,5,169.9,1.09,2.421087248,47,3,OVERVALUED,Brock Wright is projected for 1.1 PPG off an ADP of 169.9. Over his last 3 seasons he's landed at 3.33x his preseason projection. His draft cost is running ahead of what the data supports.
4242526,John Samuel Shenker,TE,28,1,169.9,0,0,40,1,FADE,John Samuel Shenker is projected for 0.0 PPG off an ADP of 169.9. Similar tight end profiles (40 comps) hit their projection 35% of the time and busted 30% of the time. The gap between cost and expected output makes him easy to pass on.
4242536,Sal Cannella,TE,29,1,169.9,0,0,38,0,FADE,Sal Cannella is projected for 0.0 PPG off an ADP of 169.9. Similar tight end profiles (38 comps) hit their projection 37% of the time and busted 32% of the time. The gap between cost and expected output makes him easy to pass on.
4833029,Max Klare,TE,23,0,170,0.59,1.545831981,34,0,WILDCARD,Max Klare is projected for 0.6 PPG off an ADP of 170.0. Similar tight end profiles (34 comps) hit their projection 56% of the time and busted 35% of the time. Outcomes here run wide — real weekly-winner upside with real downside risk.
4372780,Tommy Tremble,TE,26,5,170,3.64,6.502735476,59,3,SLEEPER,Tommy Tremble is projected for 3.6 PPG off an ADP of 170.0. Over his last 3 seasons he's landed at 1.12x his preseason projection. His ADP undersells his likely output — worth a look in the later rounds.
4036131,Noah Fant,TE,28,7,170,2.64,4.197784202,46,3,SLEEPER,Noah Fant is projected for 2.6 PPG off an ADP of 170.0. Over his last 3 seasons he's landed at 1.04x his preseason projection. His ADP undersells his likely output — worth a look in the later rounds.
3043275,Austin Hooper,TE,31,10,170,2.55,3.828609176,17,3,SLEEPER,Austin Hooper is projected for 2.5 PPG off an ADP of 170.0. Over his last 3 seasons he's landed at 1.36x his preseason projection. His ADP undersells his likely output — worth a look in the later rounds.
4880236,Will Kacmarek,TE,23,0,170,2.35,6.157127384,34,0,WILDCARD,Will Kacmarek is projected for 2.4 PPG off an ADP of 170.0. Similar tight end profiles (34 comps) hit their projection 56% of the time and busted 35% of the time. Outcomes here run wide — real weekly-winner upside with real downside risk.
3127310,Drew Sample,TE,30,7,170,2.27,3.564788922,21,3,SLEEPER,Drew Sample is projected for 2.3 PPG off an ADP of 170.0. Over his last 3 seasons he's landed at 1.59x his preseason projection. His ADP undersells his likely output — worth a look in the later rounds.
3921690,Josh Oliver,TE,29,7,170,2.26,4.218662675,31,3,SLEEPER,Josh Oliver is projected for 2.3 PPG off an ADP of 170.0. Over his last 3 seasons he's landed at 1.68x his preseason projection. His ADP undersells his likely output — worth a look in the later rounds.
4683243,Mitchell Evans,TE,23,1,170,2.05,9.051077449,33,1,BREAKOUT,"Mitchell Evans is projected for 2.0 PPG off an ADP of 170.0. Similar tight end profiles (33 comps) hit their projection 55% of the time and busted 36% of the time. Age, trend, and role all point toward a real step forward this year."
4426496,Cade Stover,TE,26,2,170,2.05,4.788549159,58,2,BREAKOUT,"Cade Stover is projected for 2.0 PPG off an ADP of 170.0. Over his last 2 seasons he's landed at 2.18x his preseason projection. Age, trend, and role all point toward a real step forward this year."
4048228,John Bates,TE,28,5,170,2.04,3.363394511,44,3,SLEEPER,John Bates is projected for 2.0 PPG off an ADP of 170.0. Over his last 3 seasons he's landed at 1.12x his preseason projection. His ADP undersells his likely output — worth a look in the later rounds.
3050481,Tanner Hudson,TE,31,8,170,1.72,6.373169389,16,3,SLEEPER,Tanner Hudson is projected for 1.7 PPG off an ADP of 170.0. Over his last 3 seasons he's landed at 6.40x his preseason projection. His ADP undersells his likely output — worth a look in the later rounds.
3911853,Adam Trautman,TE,29,6,170,1.69,2.701990853,30,3,SLEEPER,Adam Trautman is projected for 1.7 PPG off an ADP of 170.0. Over his last 3 seasons he's landed at 1.08x his preseason projection. His ADP undersells his likely output — worth a look in the later rounds.
4573699,Jackson Hawes,TE,25,1,170,1.62,7.611653836,57,1,BREAKOUT,"Jackson Hawes is projected for 1.6 PPG off an ADP of 170.0. Similar tight end profiles (57 comps) hit their projection 54% of the time and busted 32% of the time. Age, trend, and role all point toward a real step forward this year."
2998565,Mo Alie-Cox,TE,32,9,170,1.6,2.583552553,12,3,SLEEPER,Mo Alie-Cox is projected for 1.6 PPG off an ADP of 170.0. Over his last 3 seasons he's landed at 1.65x his preseason projection. His ADP undersells his likely output — worth a look in the later rounds.
4690923,Ben Sinnott,TE,24,2,170,1.58,2.573138171,50,2,BREAKOUT,"Ben Sinnott is projected for 1.6 PPG off an ADP of 170.0. Over his last 2 seasons he's landed at 0.41x his preseason projection. Age, trend, and role all point toward a real step forward this year."
4361516,Daniel Bellinger,TE,25,4,170,1.57,3.608417501,57,3,BREAKOUT,"Daniel Bellinger is projected for 1.6 PPG off an ADP of 170.0. Over his last 3 seasons he's landed at 2.16x his preseason projection. Age, trend, and role all point toward a real step forward this year."
4361372,Jeremy Ruckert,TE,26,4,170,1.48,2.976847988,59,3,BREAKOUT,"Jeremy Ruckert is projected for 1.5 PPG off an ADP of 170.0. Over his last 3 seasons he's landed at 1.60x his preseason projection. Age, trend, and role all point toward a real step forward this year."
3052897,Durham Smythe,TE,31,8,170,1.39,1.540867621,17,3,SLEEPER,Durham Smythe is projected for 1.4 PPG off an ADP of 170.0. Over his last 3 seasons he's landed at 0.56x his preseason projection. His ADP undersells his likely output — worth a look in the later rounds.
4426553,Davis Allen,TE,25,3,170,1.15,5.203978899,56,3,BREAKOUT,"Davis Allen is projected for 1.1 PPG off an ADP of 170.0. Over his last 3 seasons he's landed at 6.75x his preseason projection. Age, trend, and role all point toward a real step forward this year."
3843945,Foster Moreau,TE,29,7,170,1.12,1.87705225,30,3,SLEEPER,Foster Moreau is projected for 1.1 PPG off an ADP of 170.0. Over his last 3 seasons he's landed at 1.25x his preseason projection. His ADP undersells his likely output — worth a look in the later rounds.
4383440,Nate Adkins,TE,27,3,170,1.1,3.420735975,52,3,SLEEPER,Nate Adkins is projected for 1.1 PPG off an ADP of 170.0. Over his last 3 seasons he's landed at 4.34x his preseason projection. His ADP undersells his likely output — worth a look in the later rounds.
4686248,Nate Boerkircher,TE,25,0,170,1.09,2.677538927,58,0,WILDCARD,Nate Boerkircher is projected for 1.1 PPG off an ADP of 170.0. Similar tight end profiles (58 comps) hit their projection 55% of the time and busted 31% of the time. Outcomes here run wide — real weekly-winner upside with real downside risk.
4372505,Payne Durham,TE,26,3,170,1.06,1.703116349,58,3,BREAKOUT,"Payne Durham is projected for 1.1 PPG off an ADP of 170.0. Over his last 3 seasons he's landed at 0.72x his preseason projection. Age, trend, and role all point toward a real step forward this year."
4241263,Charlie Kolar,TE,27,4,170,1.06,2.69084737,52,3,SLEEPER,Charlie Kolar is projected for 1.1 PPG off an ADP of 170.0. Over his last 3 seasons he's landed at 3.16x his preseason projection. His ADP undersells his likely output — worth a look in the later rounds.
4373030,Ben Sims,TE,26,3,170,0.91,1.459937356,59,3,BREAKOUT,"Ben Sims is projected for 0.9 PPG off an ADP of 170.0. Over his last 3 seasons he's landed at 0.75x his preseason projection. Age, trend, and role all point toward a real step forward this year."
4362018,Blake Whiteheart,TE,26,3,170,0.9,1.231214818,59,3,BREAKOUT,"Blake Whiteheart is projected for 0.9 PPG off an ADP of 170.0. Over his last 3 seasons he's landed at 0.27x his preseason projection. Age, trend, and role all point toward a real step forward this year."
4040612,Luke Farrell,TE,28,5,170,0.6,1.285360782,45,3,SLEEPER,Luke Farrell is projected for 0.6 PPG off an ADP of 170.0. Over his last 3 seasons he's landed at 2.17x his preseason projection. His ADP undersells his likely output — worth a look in the later rounds.
4360967,Brevyn Spann-Ford,TE,26,2,170,0.56,1.411096574,59,2,BREAKOUT,"Brevyn Spann-Ford is projected for 0.6 PPG off an ADP of 170.0. Over his last 2 seasons he's landed at 2.65x his preseason projection. Age, trend, and role all point toward a real step forward this year."
4596545,CJ Dippre,TE,24,1,170,0.54,1.317818409,50,0,WILDCARD,CJ Dippre is projected for 0.5 PPG off an ADP of 170.0. Similar tight end profiles (50 comps) hit their projection 52% of the time and busted 36% of the time. Outcomes here run wide — real weekly-winner upside with real downside risk.
4360231,Lucas Krull,TE,28,3,170,0.53,0.956947305,44,3,AVERAGE,Lucas Krull is projected for 0.5 PPG off an ADP of 170.0. Over his last 3 seasons he's landed at 1.44x his preseason projection. Production and cost look roughly in line with expectations.
4361112,Devin Culp,TE,26,2,170,0.53,1.690829402,58,2,WILDCARD,Devin Culp is projected for 0.5 PPG off an ADP of 170.0. Over his last 2 seasons he's landed at 4.43x his preseason projection. Outcomes here run wide — real weekly-winner upside with real downside risk.
4702559,Oscar Delp,TE,23,0,170,0.53,1.388628729,34,0,WILDCARD,Oscar Delp is projected for 0.5 PPG off an ADP of 170.0. Similar tight end profiles (34 comps) hit their projection 56% of the time and busted 35% of the time. Outcomes here run wide — real weekly-winner upside with real downside risk.
3915486,Tyler Conklin,TE,31,8,170,0.53,0.605937568,17,3,AVERAGE,Tyler Conklin is projected for 0.5 PPG off an ADP of 170.0. Over his last 3 seasons he's landed at 0.60x his preseason projection. Production and cost look roughly in line with expectations.
4695705,Marlin Klein,TE,23,0,170,0.52,1.362428187,34,0,WILDCARD,Marlin Klein is projected for 0.5 PPG off an ADP of 170.0. Similar tight end profiles (34 comps) hit their projection 56% of the time and busted 35% of the time. Outcomes here run wide — real weekly-winner upside with real downside risk.
4722908,Drew Ogletree,TE,28,4,170,0.51,1.073790653,45,3,AVERAGE,Drew Ogletree is projected for 0.5 PPG off an ADP of 170.0. Over his last 3 seasons he's landed at 2.10x his preseason projection. Production and cost look roughly in line with expectations.
4685504,Sam Roush,TE,23,0,170,0.51,1.336227645,34,0,WILDCARD,Sam Roush is projected for 0.5 PPG off an ADP of 170.0. Similar tight end profiles (34 comps) hit their projection 56% of the time and busted 35% of the time. Outcomes here run wide — real weekly-winner upside with real downside risk.
2975863,Eric Saubert,TE,32,9,170,0.51,0.772947416,12,3,AVERAGE,Eric Saubert is projected for 0.5 PPG off an ADP of 170.0. Over his last 3 seasons he's landed at 1.38x his preseason projection. Production and cost look roughly in line with expectations.
4696700,Tip Reiman,TE,24,2,170,0.5,1.005215536,49,2,RISKY,"Tip Reiman is projected for 0.5 PPG off an ADP of 170.0. Over his last 2 seasons he's landed at 1.36x his preseason projection. Health, role, or situational uncertainty make him a volatile bet."
4045305,Ian Thomas,TE,30,8,170,0.49,0.791295138,20,3,AVERAGE,Ian Thomas is projected for 0.5 PPG off an ADP of 170.0. Over his last 3 seasons he's landed at 1.66x his preseason projection. Production and cost look roughly in line with expectations.
4035020,Charlie Woerner,TE,28,6,170,0.48,0.68780292,44,3,AVERAGE,Charlie Woerner is projected for 0.5 PPG off an ADP of 170.0. Over his last 3 seasons he's landed at 0.66x his preseason projection. Production and cost look roughly in line with expectations.
3052096,Johnny Mundt,TE,31,9,170,0.48,0.614106487,16,3,AVERAGE,Johnny Mundt is projected for 0.5 PPG off an ADP of 170.0. Over his last 3 seasons he's landed at 0.85x his preseason projection. Production and cost look roughly in line with expectations.
2531358,Chris Manhertz,TE,34,10,170,0.25,0.224250326,1,3,RISKY,"Chris Manhertz is projected for 0.2 PPG off an ADP of 170.0. Over his last 3 seasons he's landed at 0.79x his preseason projection. Health, role, or situational uncertainty make him a volatile bet."
2975674,Robert Tonyan,TE,32,9,170,0,0,12,3,BUST,"Robert Tonyan is projected for 0.0 PPG off an ADP of 170.0. Over his last 3 seasons he's landed at 0.41x his preseason projection. Age, injury trend, and comparable outcomes point to real disappointment risk."
3049698,Anthony Firkser,TE,31,9,170,0,0,18,3,BUST,"Anthony Firkser is projected for 0.0 PPG off an ADP of 170.0. Similar tight end profiles (18 comps) hit their projection 39% of the time and busted 39% of the time. Age, injury trend, and comparable outcomes point to real disappointment risk."
3948283,Stephen Carlson,TE,29,7,170,0,0,32,3,OVERVALUED,Stephen Carlson is projected for 0.0 PPG off an ADP of 170.0. Similar tight end profiles (32 comps) hit their projection 53% of the time and busted 31% of the time. His draft cost is running ahead of what the data supports.
4040774,Harrison Bryant,TE,28,6,170,0,0,46,3,OVERVALUED,Harrison Bryant is projected for 0.0 PPG off an ADP of 170.0. Over his last 3 seasons he's landed at 1.11x his preseason projection. His draft cost is running ahead of what the data supports.
4035115,Albert Okwuegbunam Jr.,TE,28,6,170,0,0,46,3,WILDCARD,Albert Okwuegbunam Jr. is projected for 0.0 PPG off an ADP of 170.0. Similar tight end profiles (46 comps) hit their projection 50% of the time and busted 33% of the time. Outcomes here run wide — real weekly-winner upside with real downside risk.
4036275,Sean McKeon,TE,28,6,170,0,0,46,3,OVERVALUED,Sean McKeon is projected for 0.0 PPG off an ADP of 170.0. Similar tight end profiles (46 comps) hit their projection 50% of the time and busted 33% of the time. His draft cost is running ahead of what the data supports.
3917849,Lawrence Cager,TE,29,6,170,0,0,32,3,OVERVALUED,Lawrence Cager is projected for 0.0 PPG off an ADP of 170.0. Similar tight end profiles (32 comps) hit their projection 53% of the time and busted 31% of the time. His draft cost is running ahead of what the data supports.
4239944,Hunter Long,TE,28,5,170,0,0,44,3,OVERVALUED,Hunter Long is projected for 0.0 PPG off an ADP of 170.0. Over his last 3 seasons he's landed at 7.46x his preseason projection. His draft cost is running ahead of what the data supports.
4362504,Brevin Jordan,TE,26,5,170,0,0,60,3,OVERVALUED,Brevin Jordan is projected for 0.0 PPG off an ADP of 170.0. Over his last 3 seasons he's landed at 1.99x his preseason projection. His draft cost is running ahead of what the data supports.
4039160,Kylen Granson,TE,28,5,170,0,0,45,3,OVERVALUED,Kylen Granson is projected for 0.0 PPG off an ADP of 170.0. Over his last 3 seasons he's landed at 1.77x his preseason projection. His draft cost is running ahead of what the data supports.
4034948,Feleipe Franks,TE,28,3,170,0,0,45,3,WILDCARD,Feleipe Franks is projected for 0.0 PPG off an ADP of 170.0. Over his last 3 seasons he's landed at 0.08x his preseason projection. Outcomes here run wide — real weekly-winner upside with real downside risk.
4044144,Kenny Yeboah,TE,27,4,170,0,0,53,3,OVERVALUED,Kenny Yeboah is projected for 0.0 PPG off an ADP of 170.0. Similar tight end profiles (53 comps) hit their projection 55% of the time and busted 32% of the time. His draft cost is running ahead of what the data supports.
4034862,Jack Stoll,TE,28,5,170,0,0,46,3,OVERVALUED,Jack Stoll is projected for 0.0 PPG off an ADP of 170.0. Similar tight end profiles (46 comps) hit their projection 50% of the time and busted 33% of the time. His draft cost is running ahead of what the data supports.
4608362,Shane Zylstra,TE,29,4,170,0,0,32,3,WILDCARD,Shane Zylstra is projected for 0.0 PPG off an ADP of 170.0. Similar tight end profiles (32 comps) hit their projection 53% of the time and busted 31% of the time. Outcomes here run wide — real weekly-winner upside with real downside risk.
4241410,Jelani Woods,TE,27,4,170,0,0,53,3,WILDCARD,Jelani Woods is projected for 0.0 PPG off an ADP of 170.0. Similar tight end profiles (53 comps) hit their projection 55% of the time and busted 32% of the time. Outcomes here run wide — real weekly-winner upside with real downside risk.
4034779,Ko Kieft,TE,28,4,170,0,0,45,3,BUST,"Ko Kieft is projected for 0.0 PPG off an ADP of 170.0. Over his last 3 seasons he's landed at 0.00x his preseason projection. Age, injury trend, and comparable outcomes point to real disappointment risk."
4241374,Grant Calcaterra,TE,27,4,170,0,0,52,3,OVERVALUED,Grant Calcaterra is projected for 0.0 PPG off an ADP of 170.0. Over his last 3 seasons he's landed at 1.67x his preseason projection. His draft cost is running ahead of what the data supports.
4374045,Teagan Quitoriano,TE,26,4,170,0,0,59,3,WILDCARD,Teagan Quitoriano is projected for 0.0 PPG off an ADP of 170.0. Over his last 3 seasons he's landed at 0.00x his preseason projection. Outcomes here run wide — real weekly-winner upside with real downside risk.
4361438,Cole Turner,TE,26,2,170,0,0,60,2,WILDCARD,Cole Turner is projected for 0.0 PPG off an ADP of 170.0. Similar tight end profiles (60 comps) hit their projection 57% of the time and busted 30% of the time. Outcomes here run wide — real weekly-winner upside with real downside risk.
4361988,James Mitchell,TE,27,3,170,0,0,53,3,OVERVALUED,James Mitchell is projected for 0.0 PPG off an ADP of 170.0. Similar tight end profiles (53 comps) hit their projection 55% of the time and busted 32% of the time. His draft cost is running ahead of what the data supports.
4244049,Quintin Morris,TE,27,4,170,0,0,53,3,OVERVALUED,Quintin Morris is projected for 0.0 PPG off an ADP of 170.0. Over his last 3 seasons he's landed at 1.36x his preseason projection. His draft cost is running ahead of what the data supports.
4047422,Tanner Conner,TE,28,3,170,0,0,45,3,OVERVALUED,Tanner Conner is projected for 0.0 PPG off an ADP of 170.0. Over his last 3 seasons he's landed at 2.13x his preseason projection. His draft cost is running ahead of what the data supports.
4916349,Nikola Kalinic,TE,29,1,170,0,0,32,1,OVERVALUED,Nikola Kalinic is projected for 0.0 PPG off an ADP of 170.0. Similar tight end profiles (32 comps) hit their projection 53% of the time and busted 31% of the time. His draft cost is running ahead of what the data supports.
4250764,Stone Smartt,TE,27,4,170,0,0,52,3,OVERVALUED,Stone Smartt is projected for 0.0 PPG off an ADP of 170.0. Over his last 3 seasons he's landed at 2.32x his preseason projection. His draft cost is running ahead of what the data supports.
4372026,Cameron Latu,TE,26,2,170,0,0,60,2,WILDCARD,Cameron Latu is projected for 0.0 PPG off an ADP of 170.0. Similar tight end profiles (60 comps) hit their projection 57% of the time and busted 30% of the time. Outcomes here run wide — real weekly-winner upside with real downside risk.
4360086,Josh Whyle,TE,27,3,170,0,0,53,3,OVERVALUED,Josh Whyle is projected for 0.0 PPG off an ADP of 170.0. Over his last 3 seasons he's landed at 1.37x his preseason projection. His draft cost is running ahead of what the data supports.
4362523,Will Mallory,TE,27,3,170,0,0,52,3,OVERVALUED,Will Mallory is projected for 0.0 PPG off an ADP of 170.0. Over his last 3 seasons he's landed at 2.98x his preseason projection. His draft cost is running ahead of what the data supports.
4360290,Brayden Willis,TE,26,3,170,0,0,60,3,WILDCARD,Brayden Willis is projected for 0.0 PPG off an ADP of 170.0. Similar tight end profiles (60 comps) hit their projection 57% of the time and busted 30% of the time. Outcomes here run wide — real weekly-winner upside with real downside risk.
4365395,Julian Hill,TE,26,4,170,0,0,59,2,OVERVALUED,Julian Hill is projected for 0.0 PPG off an ADP of 170.0. Over his last 2 seasons he's landed at 2.61x his preseason projection. His draft cost is running ahead of what the data supports.
4242442,Princeton Fant,TE,27,1,170,0,0,53,1,OVERVALUED,Princeton Fant is projected for 0.0 PPG off an ADP of 170.0. Similar tight end profiles (53 comps) hit their projection 55% of the time and busted 32% of the time. His draft cost is running ahead of what the data supports.
4430723,Jared Wiley,TE,25,2,170,0,0,57,2,WILDCARD,Jared Wiley is projected for 0.0 PPG off an ADP of 170.0. Over his last 2 seasons he's landed at 0.17x his preseason projection. Outcomes here run wide — real weekly-winner upside with real downside risk.
4429262,Jaheim Bell,TE,25,1,170,0,0,58,1,WILDCARD,Jaheim Bell is projected for 0.0 PPG off an ADP of 170.0. Similar tight end profiles (58 comps) hit their projection 55% of the time and busted 31% of the time. Outcomes here run wide — real weekly-winner upside with real downside risk.
4361088,Colson Yankoff,TE,26,2,170,0,0,60,2,WILDCARD,Colson Yankoff is projected for 0.0 PPG off an ADP of 170.0. Over his last 2 seasons he's landed at 0.00x his preseason projection. Outcomes here run wide — real weekly-winner upside with real downside risk.
4362603,Brenden Bates,TE,26,2,170,0,0,60,2,OVERVALUED,Brenden Bates is projected for 0.0 PPG off an ADP of 170.0. Over his last 2 seasons he's landed at 0.00x his preseason projection. His draft cost is running ahead of what the data supports.
4360978,David Martin-Robinson,TE,26,2,170,0,0,59,2,WILDCARD,David Martin-Robinson is projected for 0.0 PPG off an ADP of 170.0. Over his last 2 seasons he's landed at 1.43x his preseason projection. Outcomes here run wide — real weekly-winner upside with real downside risk.
4700712,Cam Grandy,TE,26,2,170,0,0,60,1,WILDCARD,Cam Grandy is projected for 0.0 PPG off an ADP of 170.0. Similar tight end profiles (60 comps) hit their projection 57% of the time and busted 30% of the time. Outcomes here run wide — real weekly-winner upside with real downside risk.
4248557,E.J. Jenkins,TE,27,1,170,0,0,53,1,OVERVALUED,E.J. Jenkins is projected for 0.0 PPG off an ADP of 170.0. Similar tight end profiles (53 comps) hit their projection 55% of the time and busted 32% of the time. His draft cost is running ahead of what the data supports.
4708049,Gavin Bartholomew,TE,23,1,170,0,0,33,1,BUST,"Gavin Bartholomew is projected for 0.0 PPG off an ADP of 170.0. Similar tight end profiles (33 comps) hit their projection 58% of the time and busted 33% of the time. Age, injury trend, and comparable outcomes point to real disappointment risk."
4432338,Luke Lachey,TE,25,0,170,0,0,58,0,WILDCARD,Luke Lachey is projected for 0.0 PPG off an ADP of 170.0. Similar tight end profiles (58 comps) hit their projection 55% of the time and busted 31% of the time. Outcomes here run wide — real weekly-winner upside with real downside risk.
4590292,Thomas Fidone II,TE,23,1,170,0,0,34,1,BUST,"Thomas Fidone II is projected for 0.0 PPG off an ADP of 170.0. Similar tight end profiles (34 comps) hit their projection 56% of the time and busted 35% of the time. Age, injury trend, and comparable outcomes point to real disappointment risk."
4432208,Caleb Lohner,TE,24,0,170,0,0,50,0,BUST,"Caleb Lohner is projected for 0.0 PPG off an ADP of 170.0. Similar tight end profiles (50 comps) hit their projection 52% of the time and busted 36% of the time. Age, injury trend, and comparable outcomes point to real disappointment risk."
4432731,Moliki Matavao,TE,23,1,170,0,0,33,1,OVERVALUED,Moliki Matavao is projected for 0.0 PPG off an ADP of 170.0. Similar tight end profiles (33 comps) hit their projection 58% of the time and busted 33% of the time. His draft cost is running ahead of what the data supports.
5155825,Carter Runyon,TE,25,1,170,0,0,58,0,WILDCARD,Carter Runyon is projected for 0.0 PPG off an ADP of 170.0. Similar tight end profiles (58 comps) hit their projection 55% of the time and busted 31% of the time. Outcomes here run wide — real weekly-winner upside with real downside risk.
4433959,Ben Yurosek,TE,24,1,170,0,0,50,0,WILDCARD,Ben Yurosek is projected for 0.0 PPG off an ADP of 170.0. Similar tight end profiles (50 comps) hit their projection 52% of the time and busted 36% of the time. Outcomes here run wide — real weekly-winner upside with real downside risk.
4430684,Treyton Welch,TE,25,0,170,0,0,58,0,WILDCARD,Treyton Welch is projected for 0.0 PPG off an ADP of 170.0. Similar tight end profiles (58 comps) hit their projection 55% of the time and busted 31% of the time. Outcomes here run wide — real weekly-winner upside with real downside risk.
4688552,Keleki Latu,TE,24,0,170,0,0,50,0,WILDCARD,Keleki Latu is projected for 0.0 PPG off an ADP of 170.0. Similar tight end profiles (50 comps) hit their projection 52% of the time and busted 36% of the time. Outcomes here run wide — real weekly-winner upside with real downside risk.
4569547,Nick Kallerup,TE,25,1,170,0,0,58,0,WILDCARD,Nick Kallerup is projected for 0.0 PPG off an ADP of 170.0. Similar tight end profiles (58 comps) hit their projection 55% of the time and busted 31% of the time. Outcomes here run wide — real weekly-winner upside with real downside risk.
4876006,Zaire Mitchell-Paden,TE,27,1,170,0,0,53,0,OVERVALUED,Zaire Mitchell-Paden is projected for 0.0 PPG off an ADP of 170.0. Similar tight end profiles (53 comps) hit their projection 55% of the time and busted 32% of the time. His draft cost is running ahead of what the data supports.
4428396,Hayden Rucci,TE,25,0,170,0,0,58,0,WILDCARD,Hayden Rucci is projected for 0.0 PPG off an ADP of 170.0. Similar tight end profiles (58 comps) hit their projection 55% of the time and busted 31% of the time. Outcomes here run wide — real weekly-winner upside with real downside risk.
4877824,Zach Horton,TE,23,0,170,0,0,34,0,WILDCARD,Zach Horton is projected for 0.0 PPG off an ADP of 170.0. Similar tight end profiles (34 comps) hit their projection 56% of the time and busted 35% of the time. Outcomes here run wide — real weekly-winner upside with real downside risk.
4429466,Drake Dabney,TE,24,0,170,0,0,50,0,WILDCARD,Drake Dabney is projected for 0.0 PPG off an ADP of 170.0. Similar tight end profiles (50 comps) hit their projection 52% of the time and busted 36% of the time. Outcomes here run wide — real weekly-winner upside with real downside risk.
2576925,Darren Waller,TE,33,11,170,0,0,6,3,OVERVALUED,Darren Waller is projected for 0.0 PPG off an ADP of 170.0. Over his last 3 seasons he's landed at 1.20x his preseason projection. His draft cost is running ahead of what the data supports.
3128452,Jordan Akins,TE,34,8,170,0,0,3,3,OVERVALUED,Jordan Akins is projected for 0.0 PPG off an ADP of 170.0. Over his last 3 seasons he's landed at 1.47x his preseason projection. His draft cost is running ahead of what the data supports.
2576399,Nick Vannett,TE,33,10,170,0,0,6,3,OVERVALUED,Nick Vannett is projected for 0.0 PPG off an ADP of 170.0. Over his last 3 seasons he's landed at 8.91x his preseason projection. His draft cost is running ahead of what the data supports.
2511973,Eric Tomlinson,TE,34,11,170,0,0,3,3,OVERVALUED,Eric Tomlinson is projected for 0.0 PPG off an ADP of 170.0. Limited historical comps make this a lower-confidence read. His draft cost is running ahead of what the data supports.
3120303,Ross Dwelley,TE,31,8,170,0,0,17,3,BUST,"Ross Dwelley is projected for 0.0 PPG off an ADP of 170.0. Over his last 3 seasons he's landed at 0.13x his preseason projection. Age, injury trend, and comparable outcomes point to real disappointment risk."
2508256,MyCole Pruitt,TE,34,11,170,0,0,2,3,BUST,"MyCole Pruitt is projected for 0.0 PPG off an ADP of 170.0. Over his last 3 seasons he's landed at 1.41x his preseason projection. Age, injury trend, and comparable outcomes point to real disappointment risk."
2574576,C.J. Uzomah,TE,33,11,170,0,0,6,3,BUST,"C.J. Uzomah is projected for 0.0 PPG off an ADP of 170.0. Over his last 3 seasons he's landed at 0.51x his preseason projection. Age, injury trend, and comparable outcomes point to real disappointment risk."
2468609,Taysom Hill,TE,36,9,170,0,0,0,3,OVERVALUED,Taysom Hill is projected for 0.0 PPG off an ADP of 170.0. Over his last 3 seasons he's landed at 1.53x his preseason projection. His draft cost is running ahead of what the data supports.
3054212,Jonnu Smith,TE,31,9,170,0,0,18,3,BUST,"Jonnu Smith is projected for 0.0 PPG off an ADP of 170.0. Over his last 3 seasons he's landed at 1.49x his preseason projection. Age, injury trend, and comparable outcomes point to real disappointment risk."
9614,Marcedes Lewis,TE,42,20,170,0,0,0,3,BUST,"Marcedes Lewis is projected for 0.0 PPG off an ADP of 170.0. Over his last 3 seasons he's landed at 0.50x his preseason projection. Age, injury trend, and comparable outcomes point to real disappointment risk."
16763,Jordan Matthews,TE,34,12,170,0,0,3,3,BUST,"Jordan Matthews is projected for 0.0 PPG off an ADP of 170.0. Over his last 3 seasons he's landed at 0.00x his preseason projection. Age, injury trend, and comparable outcomes point to real disappointment risk."
4040980,Irv Smith Jr.,TE,28,7,170,0,0,46,3,OVERVALUED,Irv Smith Jr. is projected for 0.0 PPG off an ADP of 170.0. Similar tight end profiles (46 comps) hit their projection 50% of the time and busted 33% of the time. His draft cost is running ahead of what the data supports.
3127292,Will Dissly,TE,30,8,170,0,0,22,3,BUST,"Will Dissly is projected for 0.0 PPG off an ADP of 170.0. Over his last 3 seasons he's landed at 1.08x his preseason projection. Age, injury trend, and comparable outcomes point to real disappointment risk."
3046704,Geoff Swaim,TE,32,11,170,0,0,13,3,BUST,"Geoff Swaim is projected for 0.0 PPG off an ADP of 170.0. Over his last 3 seasons he's landed at 1.53x his preseason projection. Age, injury trend, and comparable outcomes point to real disappointment risk."
15835,Zach Ertz,TE,35,13,170,0,0,1,3,BUST,"Zach Ertz is projected for 0.0 PPG off an ADP of 170.0. Over his last 3 seasons he's landed at 1.64x his preseason projection. Age, injury trend, and comparable outcomes point to real disappointment risk."
2971281,Pharaoh Brown,TE,32,9,170,0,0,12,3,BUST,"Pharaoh Brown is projected for 0.0 PPG off an ADP of 170.0. Over his last 3 seasons he's landed at 0.45x his preseason projection. Age, injury trend, and comparable outcomes point to real disappointment risk."
3912092,Donald Parham Jr.,TE,29,7,170,0,0,32,3,OVERVALUED,Donald Parham Jr. is projected for 0.0 PPG off an ADP of 170.0. Similar tight end profiles (32 comps) hit their projection 53% of the time and busted 31% of the time. His draft cost is running ahead of what the data supports.
4035426,Stephen Sullivan,TE,29,6,170,0,0,32,3,OVERVALUED,Stephen Sullivan is projected for 0.0 PPG off an ADP of 170.0. Similar tight end profiles (32 comps) hit their projection 53% of the time and busted 31% of the time. His draft cost is running ahead of what the data supports.
4746079,Zach Davidson,TE,28,2,170,0,0,46,2,OVERVALUED,Zach Davidson is projected for 0.0 PPG off an ADP of 170.0. Similar tight end profiles (46 comps) hit their projection 50% of the time and busted 33% of the time. His draft cost is running ahead of what the data supports.
4408854,Jody Fortson,TE,30,7,170,0,0,22,3,BUST,"Jody Fortson is projected for 0.0 PPG off an ADP of 170.0. Similar tight end profiles (22 comps) hit their projection 45% of the time and busted 36% of the time. Age, injury trend, and comparable outcomes point to real disappointment risk."
3144991,Parker Hesse,TE,31,7,170,0,0,18,3,BUST,"Parker Hesse is projected for 0.0 PPG off an ADP of 170.0. Over his last 3 seasons he's landed at 0.00x his preseason projection. Age, injury trend, and comparable outcomes point to real disappointment risk."
4379401,John FitzPatrick,TE,26,4,170,0,0,60,3,WILDCARD,John FitzPatrick is projected for 0.0 PPG off an ADP of 170.0. Similar tight end profiles (60 comps) hit their projection 57% of the time and busted 30% of the time. Outcomes here run wide — real weekly-winner upside with real downside risk.
4249624,Nick Muse,TE,27,4,170,0,0,53,3,WILDCARD,Nick Muse is projected for 0.0 PPG off an ADP of 170.0. Over his last 3 seasons he's landed at 0.00x his preseason projection. Outcomes here run wide — real weekly-winner upside with real downside risk.
4258248,Peyton Hendershot,TE,27,3,170,0,0,52,3,OVERVALUED,Peyton Hendershot is projected for 0.0 PPG off an ADP of 170.0. Over his last 3 seasons he's landed at 1.25x his preseason projection. His draft cost is running ahead of what the data supports.
4361417,Zack Kuntz,TE,27,1,170,0,0,53,1,OVERVALUED,Zack Kuntz is projected for 0.0 PPG off an ADP of 170.0. Similar tight end profiles (53 comps) hit their projection 55% of the time and busted 32% of the time. His draft cost is running ahead of what the data supports.
4242558,Tucker Fisk,TE,27,2,170,0,0,53,2,OVERVALUED,Tucker Fisk is projected for 0.0 PPG off an ADP of 170.0. Similar tight end profiles (53 comps) hit their projection 55% of the time and busted 32% of the time. His draft cost is running ahead of what the data supports.
4250969,Rodney Williams,TE,28,2,170,0,0,46,2,OVERVALUED,Rodney Williams is projected for 0.0 PPG off an ADP of 170.0. Similar tight end profiles (46 comps) hit their projection 50% of the time and busted 33% of the time. His draft cost is running ahead of what the data supports.
4360794,Henry Pearson,TE,26,1,170,0,0,60,1,WILDCARD,Henry Pearson is projected for 0.0 PPG off an ADP of 170.0. Similar tight end profiles (60 comps) hit their projection 57% of the time and busted 30% of the time. Outcomes here run wide — real weekly-winner upside with real downside risk.
4259324,Travis Vokolek,TE,28,2,170,0,0,45,2,BUST,"Travis Vokolek is projected for 0.0 PPG off an ADP of 170.0. Over his last 2 seasons he's landed at 0.00x his preseason projection. Age, injury trend, and comparable outcomes point to real disappointment risk."
4384171,Tanner McLachlan,TE,27,2,170,0,0,53,2,OVERVALUED,Tanner McLachlan is projected for 0.0 PPG off an ADP of 170.0. Over his last 2 seasons he's landed at 0.00x his preseason projection. His draft cost is running ahead of what the data supports.
4362489,John Stephens Jr.,TE,26,3,170,0,0,60,1,WILDCARD,John Stephens Jr. is projected for 0.0 PPG off an ADP of 170.0. Similar tight end profiles (60 comps) hit their projection 57% of the time and busted 30% of the time. Outcomes here run wide — real weekly-winner upside with real downside risk.
4373634,Dallin Holker,TE,26,2,170,0,0,59,2,WILDCARD,Dallin Holker is projected for 0.0 PPG off an ADP of 170.0. Over his last 2 seasons he's landed at 0.62x his preseason projection. Outcomes here run wide — real weekly-winner upside with real downside risk.
4363554,Thomas Odukoya,TE,29,2,170,0,0,31,2,BUST,"Thomas Odukoya is projected for 0.0 PPG off an ADP of 170.0. Over his last 2 seasons he's landed at 0.00x his preseason projection. Age, injury trend, and comparable outcomes point to real disappointment risk."
4426364,Baylor Cupp,TE,26,1,170,0,0,60,1,WILDCARD,Baylor Cupp is projected for 0.0 PPG off an ADP of 170.0. Similar tight end profiles (60 comps) hit their projection 57% of the time and busted 30% of the time. Outcomes here run wide — real weekly-winner upside with real downside risk.
4429086,Michael Mayer,TE,25,3,170.1,4.75,4.330642516,19,3,SLEEPER,Michael Mayer is projected for 4.8 PPG off an ADP of 170.1. Over his last 3 seasons he's landed at 1.06x his preseason projection. His ADP undersells his likely output — worth a look in the later rounds.
4678006,Elijah Arroyo,TE,23,1,170.1,3.56,2.261571783,14,1,SLEEPER,Elijah Arroyo is projected for 3.6 PPG off an ADP of 170.1. Similar tight end profiles (14 comps) hit their projection 21% of the time and busted 64% of the time. His ADP undersells his likely output — worth a look in the later rounds.
4431574,Eli Stowers,TE,23,0,170.1,2.21,1.562450513,14,0,SLEEPER,Eli Stowers is projected for 2.2 PPG off an ADP of 170.1. Similar tight end profiles (14 comps) hit their projection 21% of the time and busted 64% of the time. His ADP undersells his likely output — worth a look in the later rounds.
3918639,Gerald Everett,TE,32,9,170.1,0,0,4,3,SLEEPER,Gerald Everett is projected for 0.0 PPG off an ADP of 170.1. Over his last 3 seasons he's landed at 0.16x his preseason projection. His ADP undersells his likely output — worth a look in the later rounds.
3924365,Hayden Hurst,TE,33,8,170.1,0,0,3,3,WILDCARD,Hayden Hurst is projected for 0.0 PPG off an ADP of 170.1. Over his last 3 seasons he's landed at 0.26x his preseason projection. Outcomes here run wide — real weekly-winner upside with real downside risk.
3916564,Tyree Jackson,TE,28,5,170.1,0,0,10,3,SLEEPER,Tyree Jackson is projected for 0.0 PPG off an ADP of 170.1. Similar tight end profiles (10 comps) hit their projection 20% of the time and busted 70% of the time. His ADP undersells his likely output — worth a look in the later rounds.
3914151,Josiah Deguara,TE,29,6,170.1,0,0,6,3,SLEEPER,Josiah Deguara is projected for 0.0 PPG off an ADP of 170.1. Over his last 3 seasons he's landed at 0.54x his preseason projection. His ADP undersells his likely output — worth a look in the later rounds.
3923392,Mitchell Wilcox,TE,29,6,170.1,0,0,6,3,SLEEPER,Mitchell Wilcox is projected for 0.0 PPG off an ADP of 170.1. Over his last 3 seasons he's landed at 0.63x his preseason projection. His ADP undersells his likely output — worth a look in the later rounds.
3916749,Giovanni Ricci,TE,29,6,170.1,0,0,6,3,WILDCARD,Giovanni Ricci is projected for 0.0 PPG off an ADP of 170.1. Over his last 3 seasons he's landed at 0.39x his preseason projection. Outcomes here run wide — real weekly-winner upside with real downside risk.
3916587,Tyler Mabry,TE,29,6,170.1,0,0,6,3,WILDCARD,Tyler Mabry is projected for 0.0 PPG off an ADP of 170.1. Limited historical comps make this a lower-confidence read. Outcomes here run wide — real weekly-winner upside with real downside risk.
4429148,Theo Johnson,TE,25,2,170.2,3.72,3.351045322,19,2,BREAKOUT,"Theo Johnson is projected for 3.7 PPG off an ADP of 170.2. Over his last 2 seasons he's landed at 1.11x his preseason projection. Age, trend, and role all point toward a real step forward this year."
4367209,Greg Dulcich,TE,26,4,170.3,7.01,2.931967637,18,3,BREAKOUT,"Greg Dulcich is projected for 7.0 PPG off an ADP of 170.3. Over his last 3 seasons he's landed at 0.19x his preseason projection. Age, trend, and role all point toward a real step forward this year."
3123076,David Njoku,TE,30,9,170.3,4.99,4.839015034,7,3,SLEEPER,David Njoku is projected for 5.0 PPG off an ADP of 170.3. Over his last 3 seasons he's landed at 0.94x his preseason projection. His ADP undersells his likely output — worth a look in the later rounds.
4243331,Cade Otton,TE,27,4,170.4,6,5.806463132,13,3,SLEEPER,Cade Otton is projected for 6.0 PPG off an ADP of 170.4. Over his last 3 seasons he's landed at 1.16x his preseason projection. His ADP undersells his likely output — worth a look in the later rounds.
3051876,Evan Engram,TE,32,9,170.4,6.26,5.418456146,3,3,SLEEPER,Evan Engram is projected for 6.3 PPG off an ADP of 170.4. Over his last 3 seasons he's landed at 0.73x his preseason projection. His ADP undersells his likely output — worth a look in the later rounds.
3116164,Mike Gesicki,TE,30,8,170.6,6.3,6.889967962,3,3,SLEEPER,Mike Gesicki is projected for 6.3 PPG off an ADP of 170.6. Over his last 3 seasons he's landed at 1.19x his preseason projection. His ADP undersells his likely output — worth a look in the later rounds.
4259147,Jake Tonges,TE,27,3,170.7,1.97,0.985,4,3,SLEEPER,Jake Tonges is projected for 2.0 PPG off an ADP of 170.7. Over his last 3 seasons he's landed at 0.00x his preseason projection. His ADP undersells his likely output — worth a look in the later rounds.
4242557,Colby Parkinson,TE,27,6,170.8,3.8,12.0329023,4,3,BREAKOUT,"Colby Parkinson is projected for 3.8 PPG off an ADP of 170.8. Over his last 3 seasons he's landed at 5.33x his preseason projection. Age, trend, and role all point toward a real step forward this year."
4426515,Puka Nacua,WR,25,3,3.6,20.97,22.99635275,90,3,BREAKOUT,"Puka Nacua is projected for 21.0 PPG off an ADP of 3.6. Over his last 3 seasons he's landed at 1.21x his preseason projection. Age, trend, and role all point toward a real step forward this year."
4362628,Ja'Marr Chase,WR,26,5,4.7,19.77,19.91082086,87,3,BREAKOUT,"Ja'Marr Chase is projected for 19.8 PPG off an ADP of 4.7. Over his last 3 seasons he's landed at 1.06x his preseason projection. Age, trend, and role all point toward a real step forward this year."
4430878,Jaxon Smith-Njigba,WR,24,3,6.2,19.21,21.80272186,96,3,STAR,"Jaxon Smith-Njigba is projected for 19.2 PPG off an ADP of 6.2. Over his last 3 seasons he's landed at 1.33x his preseason projection. He's an established, consistent difference-maker at the position."
4374302,Amon-Ra St. Brown,WR,26,5,7.8,19.08,19.81659825,87,3,STAR,"Amon-Ra St. Brown is projected for 19.1 PPG off an ADP of 7.8. Over his last 3 seasons he's landed at 1.13x his preseason projection. He's an established, consistent difference-maker at the position."
4241389,CeeDee Lamb,WR,27,6,11,17.34,14.9363923,74,3,AVERAGE,CeeDee Lamb is projected for 17.3 PPG off an ADP of 11.0. Over his last 3 seasons he's landed at 0.80x his preseason projection. Production and cost look roughly in line with expectations.
4262921,Justin Jefferson,WR,27,6,12.4,17.26,14.99859977,74,3,AVERAGE,Justin Jefferson is projected for 17.3 PPG off an ADP of 12.4. Over his last 3 seasons he's landed at 0.82x his preseason projection. Production and cost look roughly in line with expectations.
4426502,Drake London,WR,25,4,20.1,15.87,16.24462937,95,3,RISKY,"Drake London is projected for 15.9 PPG off an ADP of 20.1. Over his last 3 seasons he's landed at 1.08x his preseason projection. Health, role, or situational uncertainty make him a volatile bet."
4258173,Nico Collins,WR,27,5,24.3,14.67,14.15908879,77,3,AVERAGE,Nico Collins is projected for 14.7 PPG off an ADP of 24.3. Over his last 3 seasons he's landed at 1.02x his preseason projection. Production and cost look roughly in line with expectations.
4428331,Rashee Rice,WR,26,3,25,15.87,16.79483211,93,3,RISKY,"Rashee Rice is projected for 15.9 PPG off an ADP of 25.0. Over his last 3 seasons he's landed at 1.18x his preseason projection. Health, role, or situational uncertainty make him a volatile bet."
4047646,A.J. Brown,WR,29,7,27.3,14.61,13.50548343,53,3,AVERAGE,A.J. Brown is projected for 14.6 PPG off an ADP of 27.3. Over his last 3 seasons he's landed at 0.93x his preseason projection. Production and cost look roughly in line with expectations.
4426354,George Pickens,WR,25,4,27.5,14.08,14.39098819,98,3,BREAKOUT,"George Pickens is projected for 14.1 PPG off an ADP of 27.5. Over his last 3 seasons he's landed at 1.08x his preseason projection. Age, trend, and role all point toward a real step forward this year."
4595348,Malik Nabers,WR,23,2,32.8,14.53,14.31464146,94,2,RISKY,"Malik Nabers is projected for 14.5 PPG off an ADP of 32.8. Over his last 2 seasons he's landed at 1.02x his preseason projection. Health, role, or situational uncertainty make him a volatile bet."
4361370,Chris Olave,WR,26,4,33.7,14.39,14.22082527,95,3,AVERAGE,Chris Olave is projected for 14.4 PPG off an ADP of 33.7. Over his last 3 seasons he's landed at 0.97x his preseason projection. Production and cost look roughly in line with expectations.
4241478,DeVonta Smith,WR,27,5,36.9,14.04,13.66762613,79,3,AVERAGE,DeVonta Smith is projected for 14.0 PPG off an ADP of 36.9. Over his last 3 seasons he's landed at 0.96x his preseason projection. Production and cost look roughly in line with expectations.
4569618,Garrett Wilson,WR,26,4,37.4,15.13,13.91220224,96,3,AVERAGE,Garrett Wilson is projected for 15.1 PPG off an ADP of 37.4. Over his last 3 seasons he's landed at 0.84x his preseason projection. Production and cost look roughly in line with expectations.
4685472,Tetairoa McMillan,WR,23,1,41.6,14.04,13.306891,96,1,RISKY,"Tetairoa McMillan is projected for 14.0 PPG off an ADP of 41.6. Similar wide receiver profiles (96 comps) hit their projection 25% of the time and busted 26% of the time. Health, role, or situational uncertainty make him a volatile bet."
4429615,Zay Flowers,WR,25,3,44.5,14.05,13.92095365,103,3,AVERAGE,Zay Flowers is projected for 14.1 PPG off an ADP of 44.5. Over his last 3 seasons he's landed at 0.95x his preseason projection. Production and cost look roughly in line with expectations.
16800,Davante Adams,WR,33,12,45.7,13.68,12.8416784,14,3,AVERAGE,Davante Adams is projected for 13.7 PPG off an ADP of 45.7. Over his last 3 seasons he's landed at 1.08x his preseason projection. Production and cost look roughly in line with expectations.
4567750,Emeka Egbuka,WR,23,1,47.5,13.47,13.44179058,97,1,AVERAGE,Emeka Egbuka is projected for 13.5 PPG off an ADP of 47.5. Similar wide receiver profiles (97 comps) hit their projection 25% of the time and busted 26% of the time. Production and cost look roughly in line with expectations.
4239993,Tee Higgins,WR,27,6,51.4,12.85,13.96379514,85,3,AVERAGE,Tee Higgins is projected for 12.8 PPG off an ADP of 51.4. Over his last 3 seasons he's landed at 1.09x his preseason projection. Production and cost look roughly in line with expectations.
3121422,Terry McLaurin,WR,30,7,54.8,12.89,12.12139247,47,3,AVERAGE,Terry McLaurin is projected for 12.9 PPG off an ADP of 54.8. Over his last 3 seasons he's landed at 1.00x his preseason projection. Production and cost look roughly in line with expectations.
4612826,Ladd McConkey,WR,24,2,58.1,12.94,13.05382372,109,2,RISKY,"Ladd McConkey is projected for 12.9 PPG off an ADP of 58.1. Over his last 2 seasons he's landed at 1.03x his preseason projection. Health, role, or situational uncertainty make him a volatile bet."
4372016,Jaylen Waddle,WR,27,5,60.6,12.52,11.89451619,87,3,AVERAGE,Jaylen Waddle is projected for 12.5 PPG off an ADP of 60.6. Over his last 3 seasons he's landed at 0.80x his preseason projection. Production and cost look roughly in line with expectations.
4871023,Carnell Tate,WR,21,0,61.7,12.42,12.33577835,51,0,AVERAGE,Carnell Tate is projected for 12.4 PPG off an ADP of 61.7. Similar wide receiver profiles (51 comps) hit their projection 27% of the time and busted 22% of the time. Production and cost look roughly in line with expectations.
4426388,Jameson Williams,WR,25,4,68,12.27,13.70347178,108,3,BREAKOUT,"Jameson Williams is projected for 12.3 PPG off an ADP of 68.0. Over his last 3 seasons he's landed at 1.16x his preseason projection. Age, trend, and role all point toward a real step forward this year."
3915416,DJ Moore,WR,29,8,68.5,12.34,11.65369755,62,3,BUST,"DJ Moore is projected for 12.3 PPG off an ADP of 68.5. Over his last 3 seasons he's landed at 0.83x his preseason projection. Age, injury trend, and comparable outcomes point to real disappointment risk."
4431299,Rome Odunze,WR,24,2,74.4,12.51,11.7107365,109,2,AVERAGE,Rome Odunze is projected for 12.5 PPG off an ADP of 74.4. Over his last 2 seasons he's landed at 0.84x his preseason projection. Production and cost look roughly in line with expectations.
4685278,Luther Burden III,WR,22,1,75.7,12.11,13.67069818,74,1,AVERAGE,Luther Burden III is projected for 12.1 PPG off an ADP of 75.7. Similar wide receiver profiles (74 comps) hit their projection 24% of the time and busted 23% of the time. Production and cost look roughly in line with expectations.
4432708,Marvin Harrison Jr.,WR,24,2,80.9,11.41,10.30505278,110,2,AVERAGE,Marvin Harrison Jr. is projected for 11.4 PPG off an ADP of 80.9. Over his last 2 seasons he's landed at 0.76x his preseason projection. Production and cost look roughly in line with expectations.
16737,Mike Evans,WR,33,12,83.3,10.87,9.56196821,15,3,AVERAGE,Mike Evans is projected for 10.9 PPG off an ADP of 83.3. Over his last 3 seasons he's landed at 0.93x his preseason projection. Production and cost look roughly in line with expectations.
4047650,DK Metcalf,WR,28,7,86.2,11.48,11.50733601,74,3,AVERAGE,DK Metcalf is projected for 11.5 PPG off an ADP of 86.2. Over his last 3 seasons he's landed at 0.87x his preseason projection. Production and cost look roughly in line with expectations.
4035687,Michael Pittman Jr.,WR,28,6,87.3,11.56,11.43956761,74,3,BUST,"Michael Pittman Jr. is projected for 11.6 PPG off an ADP of 87.3. Over his last 3 seasons he's landed at 0.84x his preseason projection. Age, injury trend, and comparable outcomes point to real disappointment risk."
3128429,Courtland Sutton,WR,30,8,88.8,12,11.95621896,53,3,STAR,"Courtland Sutton is projected for 12.0 PPG off an ADP of 88.8. Over his last 3 seasons he's landed at 1.04x his preseason projection. He's an established, consistent difference-maker at the position."
4360078,Alec Pierce,WR,26,4,90.8,11.93,23.87479052,108,3,RISKY,"Alec Pierce is projected for 11.9 PPG off an ADP of 90.8. Over his last 3 seasons he's landed at 2.93x his preseason projection. Health, role, or situational uncertainty make him a volatile bet."
4880281,Jordyn Tyson,WR,22,0,92.1,11.07,11.18500818,80,0,RISKY,"Jordyn Tyson is projected for 11.1 PPG off an ADP of 92.1. Similar wide receiver profiles (80 comps) hit their projection 26% of the time and busted 22% of the time. Health, role, or situational uncertainty make him a volatile bet."
4248528,Christian Watson,WR,27,4,96,10.94,14.76615256,92,3,BREAKOUT,"Christian Watson is projected for 10.9 PPG off an ADP of 96.0. Over his last 3 seasons he's landed at 1.60x his preseason projection. Age, trend, and role all point toward a real step forward this year."
4432773,Brian Thomas Jr.,WR,23,2,101.7,10.38,10.4832379,105,2,AVERAGE,Brian Thomas Jr. is projected for 10.4 PPG off an ADP of 101.7. Over his last 2 seasons he's landed at 1.04x his preseason projection. Production and cost look roughly in line with expectations.
4432620,Parker Washington,WR,24,3,104.9,11.03,42.41294235,117,3,BREAKOUT,"Parker Washington is projected for 11.0 PPG off an ADP of 104.9. Over his last 3 seasons he's landed at 6.67x his preseason projection. Age, trend, and role all point toward a real step forward this year."
3916433,Jakobi Meyers,WR,29,7,107.4,10.69,11.35098559,65,3,STAR,"Jakobi Meyers is projected for 10.7 PPG off an ADP of 107.4. Over his last 3 seasons he's landed at 1.05x his preseason projection. He's an established, consistent difference-maker at the position."
4870795,Makai Lemon,WR,22,0,108.7,10.18,10.28576182,80,0,AVERAGE,Makai Lemon is projected for 10.2 PPG off an ADP of 108.7. Similar wide receiver profiles (80 comps) hit their projection 26% of the time and busted 22% of the time. Production and cost look roughly in line with expectations.
3116165,Chris Godwin Jr.,WR,30,9,110.8,9.25,9.190120339,55,3,BUST,"Chris Godwin Jr. is projected for 9.2 PPG off an ADP of 110.8. Over his last 3 seasons he's landed at 1.01x his preseason projection. Age, injury trend, and comparable outcomes point to real disappointment risk."
4569587,Wan'Dale Robinson,WR,25,4,111.6,10.24,12.70317224,120,3,BREAKOUT,"Wan'Dale Robinson is projected for 10.2 PPG off an ADP of 111.6. Over his last 3 seasons he's landed at 1.36x his preseason projection. Age, trend, and role all point toward a real step forward this year."
4701936,Matthew Golden,WR,23,1,114.8,10.93,9.433803949,112,1,AVERAGE,Matthew Golden is projected for 10.9 PPG off an ADP of 114.8. Similar wide receiver profiles (112 comps) hit their projection 29% of the time and busted 26% of the time. Production and cost look roughly in line with expectations.
4360761,Michael Wilson,WR,26,3,117.4,9.84,12.20434594,113,3,BREAKOUT,"Michael Wilson is projected for 9.8 PPG off an ADP of 117.4. Over his last 3 seasons he's landed at 1.36x his preseason projection. Age, trend, and role all point toward a real step forward this year."
4685415,Travis Hunter,WR,23,1,117.5,6.65,6.242455872,112,1,BUST,"Travis Hunter is projected for 6.7 PPG off an ADP of 117.5. Similar wide receiver profiles (112 comps) hit their projection 29% of the time and busted 26% of the time. Age, injury trend, and comparable outcomes point to real disappointment risk."
4428209,Ricky Pearsall,WR,26,2,120.1,9.73,12.4740565,114,2,AVERAGE,Ricky Pearsall is projected for 9.7 PPG off an ADP of 120.1. Over his last 2 seasons he's landed at 1.52x his preseason projection. Production and cost look roughly in line with expectations.
4429205,Jordan Addison,WR,24,3,127.1,10.02,10.16912788,124,3,AVERAGE,Jordan Addison is projected for 10.0 PPG off an ADP of 127.1. Over his last 3 seasons he's landed at 0.97x his preseason projection. Production and cost look roughly in line with expectations.
4870653,KC Concepcion,WR,21,0,129.7,9.56,9.701455241,58,0,AVERAGE,KC Concepcion is projected for 9.6 PPG off an ADP of 129.7. Similar wide receiver profiles (58 comps) hit their projection 29% of the time and busted 22% of the time. Production and cost look roughly in line with expectations.
4683062,Xavier Worthy,WR,23,2,130.4,10.15,9.256129818,112,2,BUST,"Xavier Worthy is projected for 10.2 PPG off an ADP of 130.4. Over his last 2 seasons he's landed at 0.75x his preseason projection. Age, injury trend, and comparable outcomes point to real disappointment risk."
4688813,Josh Downs,WR,25,3,130.9,9.69,11.11663523,122,3,AVERAGE,Josh Downs is projected for 9.7 PPG off an ADP of 130.9. Over his last 3 seasons he's landed at 1.17x his preseason projection. Production and cost look roughly in line with expectations.
4373678,Khalil Shakir,WR,26,4,134.7,10.07,12.41161491,114,3,BREAKOUT,"Khalil Shakir is projected for 10.1 PPG off an ADP of 134.7. Over his last 3 seasons he's landed at 1.35x his preseason projection. Age, trend, and role all point toward a real step forward this year."
4429025,Quentin Johnston,WR,25,3,139.2,9.68,12.34812034,124,3,BREAKOUT,"Quentin Johnston is projected for 9.7 PPG off an ADP of 139.2. Over his last 3 seasons he's landed at 1.43x his preseason projection. Age, trend, and role all point toward a real step forward this year."
4362249,Jayden Reed,WR,26,3,141.3,10.05,9.709767823,114,3,AVERAGE,Jayden Reed is projected for 10.1 PPG off an ADP of 141.3. Over his last 3 seasons he's landed at 0.81x his preseason projection. Production and cost look roughly in line with expectations.
4361432,Romeo Doubs,WR,26,4,144.5,10.05,11.91029665,114,3,AVERAGE,Romeo Doubs is projected for 10.1 PPG off an ADP of 144.5. Over his last 3 seasons he's landed at 1.26x his preseason projection. Production and cost look roughly in line with expectations.
4695883,Jalen Coker,WR,24,2,157.6,8.72,8.989547703,125,2,AVERAGE,Jalen Coker is projected for 8.7 PPG off an ADP of 157.6. Over his last 2 seasons he's landed at 0.98x his preseason projection. Production and cost look roughly in line with expectations.
4877706,Jayden Higgins,WR,23,1,159.5,8.32,8.011161053,113,1,AVERAGE,Jayden Higgins is projected for 8.3 PPG off an ADP of 159.5. Similar wide receiver profiles (113 comps) hit their projection 29% of the time and busted 27% of the time. Production and cost look roughly in line with expectations.
4032473,Rashid Shaheed,WR,28,4,159.5,8.49,8.955372483,80,3,AVERAGE,Rashid Shaheed is projected for 8.5 PPG off an ADP of 159.5. Over his last 3 seasons he's landed at 0.95x his preseason projection. Production and cost look roughly in line with expectations.
4723820,Omar Cooper Jr.,WR,22,0,162.4,6.17,6.37831208,85,0,AVERAGE,Omar Cooper Jr. is projected for 6.2 PPG off an ADP of 162.4. Similar wide receiver profiles (85 comps) hit their projection 29% of the time and busted 22% of the time. Production and cost look roughly in line with expectations.
2976212,Stefon Diggs,WR,32,11,162.6,0,0,25,3,BUST,"Stefon Diggs is projected for 0.0 PPG off an ADP of 162.6. Over his last 3 seasons he's landed at 1.16x his preseason projection. Age, injury trend, and comparable outcomes point to real disappointment risk."
4430834,Jalen McMillan,WR,24,2,163.7,7.81,10.67242107,135,2,AVERAGE,Jalen McMillan is projected for 7.8 PPG off an ADP of 163.7. Over his last 2 seasons he's landed at 1.77x his preseason projection. Production and cost look roughly in line with expectations.
3925357,Calvin Ridley,WR,31,8,165.8,8.46,7.002694613,37,3,BUST,"Calvin Ridley is projected for 8.5 PPG off an ADP of 165.8. Over his last 3 seasons he's landed at 0.65x his preseason projection. Age, injury trend, and comparable outcomes point to real disappointment risk."
4241463,Jerry Jeudy,WR,27,6,166.3,8.12,8.276265774,107,3,BUST,"Jerry Jeudy is projected for 8.1 PPG off an ADP of 166.3. Over his last 3 seasons he's landed at 0.86x his preseason projection. Age, injury trend, and comparable outcomes point to real disappointment risk."
4832800,Denzel Boston,WR,22,0,168,7.75,8.216562565,93,0,AVERAGE,Denzel Boston is projected for 7.8 PPG off an ADP of 168.0. Similar wide receiver profiles (93 comps) hit their projection 31% of the time and busted 24% of the time. Production and cost look roughly in line with expectations.
3116406,Tyreek Hill,WR,32,10,168.3,0,0,26,3,BUST,"Tyreek Hill is projected for 0.0 PPG off an ADP of 168.3. Over his last 3 seasons he's landed at 0.75x his preseason projection. Age, injury trend, and comparable outcomes point to real disappointment risk."
3886598,Jauan Jennings,WR,29,6,168.8,6.74,10.30158558,77,3,BREAKOUT,"Jauan Jennings is projected for 6.7 PPG off an ADP of 168.8. Over his last 3 seasons he's landed at 1.95x his preseason projection. Age, trend, and role all point toward a real step forward this year."
4428718,Tre Tucker,WR,25,3,168.9,8.1,9.231002639,135,3,BREAKOUT,"Tre Tucker is projected for 8.1 PPG off an ADP of 168.9. Over his last 3 seasons he's landed at 1.07x his preseason projection. Age, trend, and role all point toward a real step forward this year."
2977187,Cooper Kupp,WR,33,9,169,5.97,5.324760264,16,3,AVERAGE,Cooper Kupp is projected for 6.0 PPG off an ADP of 169.0. Over his last 3 seasons he's landed at 0.81x his preseason projection. Production and cost look roughly in line with expectations.
16733,Odell Beckham Jr.,WR,33,12,169.3,2.22,1.591152856,17,3,BUST,"Odell Beckham Jr. is projected for 2.2 PPG off an ADP of 169.3. Over his last 3 seasons he's landed at 0.43x his preseason projection. Age, injury trend, and comparable outcomes point to real disappointment risk."
4870847,Ja'Kobi Lane,WR,22,0,169.5,4.82,5.110171814,93,0,AVERAGE,Ja'Kobi Lane is projected for 4.8 PPG off an ADP of 169.5. Similar wide receiver profiles (93 comps) hit their projection 31% of the time and busted 24% of the time. Production and cost look roughly in line with expectations.
4685261,Germie Bernard,WR,22,0,169.6,7.46,7.909104094,93,0,BREAKOUT,"Germie Bernard is projected for 7.5 PPG off an ADP of 169.6. Similar wide receiver profiles (93 comps) hit their projection 31% of the time and busted 24% of the time. Age, trend, and role all point toward a real step forward this year."
4382466,Jalen Nailor,WR,27,4,169.7,6.76,14.53489101,108,3,BREAKOUT,"Jalen Nailor is projected for 6.8 PPG off an ADP of 169.7. Over his last 3 seasons he's landed at 3.14x his preseason projection. Age, trend, and role all point toward a real step forward this year."
3126486,Deebo Samuel,WR,30,7,169.8,0,0,61,3,BUST,"Deebo Samuel is projected for 0.0 PPG off an ADP of 169.8. Over his last 3 seasons he's landed at 0.82x his preseason projection. Age, injury trend, and comparable outcomes point to real disappointment risk."
2973405,Kalif Raymond,WR,32,10,169.8,2.82,3.872508981,27,3,BUST,"Kalif Raymond is projected for 2.8 PPG off an ADP of 169.8. Over his last 3 seasons he's landed at 1.79x his preseason projection. Age, injury trend, and comparable outcomes point to real disappointment risk."
4869748,Zavion Thomas,WR,22,0,169.8,2.13,2.258229453,93,0,OVERVALUED,Zavion Thomas is projected for 2.1 PPG off an ADP of 169.8. Similar wide receiver profiles (93 comps) hit their projection 31% of the time and busted 24% of the time. His draft cost is running ahead of what the data supports.
4870612,Zachariah Branch,WR,22,0,169.9,4.85,5.172417653,81,0,AVERAGE,Zachariah Branch is projected for 4.8 PPG off an ADP of 169.9. Similar wide receiver profiles (81 comps) hit their projection 32% of the time and busted 26% of the time. Production and cost look roughly in line with expectations.
4362921,Tyquan Thornton,WR,26,4,169.9,4.54,5.862280345,113,3,BREAKOUT,"Tyquan Thornton is projected for 4.5 PPG off an ADP of 169.9. Over his last 3 seasons he's landed at 1.36x his preseason projection. Age, trend, and role all point toward a real step forward this year."
3676833,KaVontae Turpin,WR,30,4,169.9,3.94,4.930259356,59,3,AVERAGE,KaVontae Turpin is projected for 3.9 PPG off an ADP of 169.9. Over his last 3 seasons he's landed at 1.55x his preseason projection. Production and cost look roughly in line with expectations.
4427095,DeMario Douglas,WR,25,3,169.9,3.61,3.571717981,116,3,AVERAGE,DeMario Douglas is projected for 3.6 PPG off an ADP of 169.9. Over his last 3 seasons he's landed at 0.73x his preseason projection. Production and cost look roughly in line with expectations.
4360797,Tutu Atwell,WR,26,5,169.9,3.14,3.511415966,111,3,BUST,"Tutu Atwell is projected for 3.1 PPG off an ADP of 169.9. Over his last 3 seasons he's landed at 1.01x his preseason projection. Age, injury trend, and comparable outcomes point to real disappointment risk."
4242433,Joshua Palmer,WR,26,5,169.9,2.64,2.488472479,111,3,BUST,"Joshua Palmer is projected for 2.6 PPG off an ADP of 169.9. Over his last 3 seasons he's landed at 0.65x his preseason projection. Age, injury trend, and comparable outcomes point to real disappointment risk."
4569382,Jordan Whittington,WR,25,2,169.9,2.45,3.004926495,118,2,OVERVALUED,Jordan Whittington is projected for 2.5 PPG off an ADP of 169.9. Over his last 2 seasons he's landed at 1.21x his preseason projection. His draft cost is running ahead of what the data supports.
4682648,Malachi Fields,WR,23,0,169.9,2.01,2.136832313,107,0,OVERVALUED,Malachi Fields is projected for 2.0 PPG off an ADP of 169.9. Similar wide receiver profiles (107 comps) hit their projection 33% of the time and busted 31% of the time. His draft cost is running ahead of what the data supports.
4565185,Tai Felton,WR,23,1,169.9,0.53,0.484935451,107,1,OVERVALUED,Tai Felton is projected for 0.5 PPG off an ADP of 169.9. Similar wide receiver profiles (107 comps) hit their projection 33% of the time and busted 31% of the time. His draft cost is running ahead of what the data supports.
5160110,Jahdae Walker,WR,24,1,169.9,0.51,0.570860525,116,0,OVERVALUED,Jahdae Walker is projected for 0.5 PPG off an ADP of 169.9. Similar wide receiver profiles (116 comps) hit their projection 31% of the time and busted 33% of the time. His draft cost is running ahead of what the data supports.
3120348,JuJu Smith-Schuster,WR,29,9,169.9,1.48,2.310560007,74,3,OVERVALUED,JuJu Smith-Schuster is projected for 1.5 PPG off an ADP of 169.9. Over his last 3 seasons he's landed at 2.00x his preseason projection. His draft cost is running ahead of what the data supports.
3914397,Scotty Miller,WR,29,7,169.9,0,0,75,3,FADE,Scotty Miller is projected for 0.0 PPG off an ADP of 169.9. Over his last 3 seasons he's landed at 2.44x his preseason projection. The gap between cost and expected output makes him easy to pass on.
3134353,Tim Patrick,WR,32,9,169.9,0,0,26,3,BUST,"Tim Patrick is projected for 0.0 PPG off an ADP of 169.9. Over his last 3 seasons he's landed at 2.96x his preseason projection. Age, injury trend, and comparable outcomes point to real disappointment risk."
3051738,Marquez Valdes-Scantling,WR,31,8,169.9,0,0,36,3,BUST,"Marquez Valdes-Scantling is projected for 0.0 PPG off an ADP of 169.9. Over his last 3 seasons he's landed at 1.61x his preseason projection. Age, injury trend, and comparable outcomes point to real disappointment risk."
4039057,Lil'Jordan Humphrey,WR,28,7,169.9,0,0,82,3,FADE,Lil'Jordan Humphrey is projected for 0.0 PPG off an ADP of 169.9. Similar wide receiver profiles (82 comps) hit their projection 26% of the time and busted 43% of the time. The gap between cost and expected output makes him easy to pass on.
4360405,Jake Bobo,WR,28,3,169.9,0,0,81,3,FADE,Jake Bobo is projected for 0.0 PPG off an ADP of 169.9. Over his last 3 seasons he's landed at 0.45x his preseason projection. The gap between cost and expected output makes him easy to pass on.
4431492,Roman Wilson,WR,25,2,169.9,0,0,118,2,FADE,Roman Wilson is projected for 0.0 PPG off an ADP of 169.9. Over his last 2 seasons he's landed at 0.36x his preseason projection. The gap between cost and expected output makes him easy to pass on.
5178972,Jakobie Keeney-James,WR,25,1,169.9,0,0,118,0,FADE,Jakobie Keeney-James is projected for 0.0 PPG off an ADP of 169.9. Similar wide receiver profiles (118 comps) hit their projection 33% of the time and busted 31% of the time. The gap between cost and expected output makes him easy to pass on.
4869961,Chris Bell,WR,22,0,170,5.21,29.67453052,65,0,WILDCARD,Chris Bell is projected for 5.2 PPG off an ADP of 170.0. Similar wide receiver profiles (65 comps) hit their projection 54% of the time and busted 35% of the time. Outcomes here run wide — real weekly-winner upside with real downside risk.
4040655,Darnell Mooney,WR,28,6,170,5.6,9.680035863,55,3,SLEEPER,Darnell Mooney is projected for 5.6 PPG off an ADP of 170.0. Over his last 3 seasons he's landed at 0.79x his preseason projection. His ADP undersells his likely output — worth a look in the later rounds.
5091739,Chris Brazzell II,WR,22,0,170,3.59,20.44751719,65,0,WILDCARD,Chris Brazzell II is projected for 3.6 PPG off an ADP of 170.0. Similar wide receiver profiles (65 comps) hit their projection 54% of the time and busted 35% of the time. Outcomes here run wide — real weekly-winner upside with real downside risk.
4430034,Xavier Legette,WR,25,2,170,4.17,11.6086262,88,2,BREAKOUT,"Xavier Legette is projected for 4.2 PPG off an ADP of 170.0. Over his last 2 seasons he's landed at 0.75x his preseason projection. Age, trend, and role all point toward a real step forward this year."
4635008,Keon Coleman,WR,23,2,170,3.52,13.02054759,82,2,WILDCARD,Keon Coleman is projected for 3.5 PPG off an ADP of 170.0. Over his last 2 seasons he's landed at 0.71x his preseason projection. Outcomes here run wide — real weekly-winner upside with real downside risk.
3916945,Darius Slayton,WR,29,7,170,5.11,9.130982264,46,3,DIAMOND,Darius Slayton is projected for 5.1 PPG off an ADP of 170.0. Over his last 3 seasons he's landed at 0.96x his preseason projection. He's being drafted well below his projected output — a clear value target.
4368003,Andrei Iosivas,WR,26,3,170,4.54,9.729109364,76,3,BREAKOUT,"Andrei Iosivas is projected for 4.5 PPG off an ADP of 170.0. Over his last 3 seasons he's landed at 1.12x his preseason projection. Age, trend, and role all point toward a real step forward this year."
3930066,Van Jefferson,WR,30,6,170,4.43,8.229253306,38,3,DIAMOND,Van Jefferson is projected for 4.4 PPG off an ADP of 170.0. Over his last 3 seasons he's landed at 1.05x his preseason projection. He's being drafted well below his projected output — a clear value target.
4686472,Marvin Mims Jr.,WR,24,3,170,4.1,12.54154983,96,3,WILDCARD,Marvin Mims Jr. is projected for 4.1 PPG off an ADP of 170.0. Over his last 3 seasons he's landed at 0.86x his preseason projection. Outcomes here run wide — real weekly-winner upside with real downside risk.
4602667,Jaylin Lane,WR,24,1,170,3.76,17.32311506,95,1,WILDCARD,Jaylin Lane is projected for 3.8 PPG off an ADP of 170.0. Similar wide receiver profiles (95 comps) hit their projection 54% of the time and busted 35% of the time. Outcomes here run wide — real weekly-winner upside with real downside risk.
4241372,Hollywood Brown,WR,29,7,170,2.99,5.118149258,46,3,DIAMOND,Hollywood Brown is projected for 3.0 PPG off an ADP of 170.0. Over his last 3 seasons he's landed at 0.81x his preseason projection. He's being drafted well below his projected output — a clear value target.
3045523,Kendrick Bourne,WR,31,9,170,2.96,4.152711345,29,3,SLEEPER,Kendrick Bourne is projected for 3.0 PPG off an ADP of 170.0. Over his last 3 seasons he's landed at 0.62x his preseason projection. His ADP undersells his likely output — worth a look in the later rounds.
4061956,Ashton Dulin,WR,29,7,170,2.76,10.53161632,45,3,DIAMOND,Ashton Dulin is projected for 2.8 PPG off an ADP of 170.0. Over his last 3 seasons he's landed at 5.12x his preseason projection. He's being drafted well below his projected output — a clear value target.
5082630,Jalen Royals,WR,23,1,170,2.71,11.8534685,81,1,WILDCARD,Jalen Royals is projected for 2.7 PPG off an ADP of 170.0. Similar wide receiver profiles (81 comps) hit their projection 57% of the time and busted 33% of the time. Outcomes here run wide — real weekly-winner upside with real downside risk.
4567156,Treylon Burks,WR,26,4,170,2.65,4.666265699,77,3,BREAKOUT,"Treylon Burks is projected for 2.6 PPG off an ADP of 170.0. Over his last 3 seasons he's landed at 0.38x his preseason projection. Age, trend, and role all point toward a real step forward this year."
4686422,Xavier Hutchinson,WR,26,3,170,2.46,7.133775733,75,3,BREAKOUT,"Xavier Hutchinson is projected for 2.5 PPG off an ADP of 170.0. Over his last 3 seasons he's landed at 2.65x his preseason projection. Age, trend, and role all point toward a real step forward this year."
3917914,Olamide Zaccheaus,WR,29,7,170,2.38,5.057192183,44,3,BREAKOUT,"Olamide Zaccheaus is projected for 2.4 PPG off an ADP of 170.0. Over his last 3 seasons he's landed at 1.61x his preseason projection. Age, trend, and role all point toward a real step forward this year."
4696882,Devontez Walker,WR,25,2,170,2.06,9.922292771,87,2,WILDCARD,Devontez Walker is projected for 2.1 PPG off an ADP of 170.0. Over his last 2 seasons he's landed at 5.93x his preseason projection. Outcomes here run wide — real weekly-winner upside with real downside risk.
4432775,Dont'e Thornton Jr.,WR,23,1,170,1.9,8.382365044,81,1,WILDCARD,Dont'e Thornton Jr. is projected for 1.9 PPG off an ADP of 170.0. Similar wide receiver profiles (81 comps) hit their projection 57% of the time and busted 33% of the time. Outcomes here run wide — real weekly-winner upside with real downside risk.
4710855,Konata Mumpfield,WR,23,1,170,1.72,9.619895408,81,1,WILDCARD,Konata Mumpfield is projected for 1.7 PPG off an ADP of 170.0. Similar wide receiver profiles (81 comps) hit their projection 56% of the time and busted 35% of the time. Outcomes here run wide — real weekly-winner upside with real downside risk.
2991662,Mack Hollins,WR,32,9,170,1.65,3.47506944,17,3,BREAKOUT,"Mack Hollins is projected for 1.6 PPG off an ADP of 170.0. Over his last 3 seasons he's landed at 2.78x his preseason projection. Age, trend, and role all point toward a real step forward this year."
4430870,KeAndre Lambert-Smith,WR,24,0,170,1.6,8.416613064,96,0,WILDCARD,KeAndre Lambert-Smith is projected for 1.6 PPG off an ADP of 170.0. Similar wide receiver profiles (96 comps) hit their projection 54% of the time and busted 34% of the time. Outcomes here run wide — real weekly-winner upside with real downside risk.
4613202,Kyle Williams,WR,23,1,170,1.33,6.125468378,81,1,WILDCARD,Kyle Williams is projected for 1.3 PPG off an ADP of 170.0. Similar wide receiver profiles (81 comps) hit their projection 56% of the time and busted 35% of the time. Outcomes here run wide — real weekly-winner upside with real downside risk.
4369863,Cedric Tillman,WR,26,3,170,1.3,2.645320034,77,3,BREAKOUT,"Cedric Tillman is projected for 1.3 PPG off an ADP of 170.0. Over his last 3 seasons he's landed at 0.93x his preseason projection. Age, trend, and role all point toward a real step forward this year."
4608810,Tez Johnson,WR,24,1,170,1.27,14.93657886,95,1,WILDCARD,Tez Johnson is projected for 1.3 PPG off an ADP of 170.0. Similar wide receiver profiles (95 comps) hit their projection 54% of the time and busted 35% of the time. Outcomes here run wide — real weekly-winner upside with real downside risk.
4386544,Xavier Smith,WR,28,2,170,1.27,10.35373387,54,2,BREAKOUT,"Xavier Smith is projected for 1.3 PPG off an ADP of 170.0. Over his last 2 seasons he's landed at 16.78x his preseason projection. Age, trend, and role all point toward a real step forward this year."
4243389,Calvin Austin III,WR,27,4,170,1.23,3.03790824,65,3,BREAKOUT,"Calvin Austin III is projected for 1.2 PPG off an ADP of 170.0. Over his last 3 seasons he's landed at 1.31x his preseason projection. Age, trend, and role all point toward a real step forward this year."
4690070,Mitchell Tinsley,WR,26,2,170,1.15,2.488398309,76,2,BREAKOUT,"Mitchell Tinsley is projected for 1.1 PPG off an ADP of 170.0. Over his last 2 seasons he's landed at 0.65x his preseason projection. Age, trend, and role all point toward a real step forward this year."
4808839,Isaiah Bond,WR,22,1,170,1.1,5.034472316,64,1,WILDCARD,Isaiah Bond is projected for 1.1 PPG off an ADP of 170.0. Similar wide receiver profiles (64 comps) hit their projection 55% of the time and busted 36% of the time. Outcomes here run wide — real weekly-winner upside with real downside risk.
4429684,Anthony Gould,WR,25,2,170,1.04,2.901785774,87,2,WILDCARD,Anthony Gould is projected for 1.0 PPG off an ADP of 170.0. Over his last 2 seasons he's landed at 0.71x his preseason projection. Outcomes here run wide — real weekly-winner upside with real downside risk.
4037235,Greg Dortch,WR,28,7,170,0.94,1.926030391,54,3,SLEEPER,Greg Dortch is projected for 0.9 PPG off an ADP of 170.0. Over his last 3 seasons he's landed at 1.42x his preseason projection. His ADP undersells his likely output — worth a look in the later rounds.
4883647,Elic Ayomanor,WR,23,1,170,0.93,4.293294733,82,1,WILDCARD,Elic Ayomanor is projected for 0.9 PPG off an ADP of 170.0. Similar wide receiver profiles (82 comps) hit their projection 56% of the time and busted 34% of the time. Outcomes here run wide — real weekly-winner upside with real downside risk.
4569371,Isaiah Williams,WR,25,2,170,0.79,2.004229657,88,2,WILDCARD,Isaiah Williams is projected for 0.8 PPG off an ADP of 170.0. Over his last 2 seasons he's landed at 0.13x his preseason projection. Outcomes here run wide — real weekly-winner upside with real downside risk.
4573697,Mason Tipton,WR,25,2,170,0.7,2.597071749,87,2,SLEEPER,Mason Tipton is projected for 0.7 PPG off an ADP of 170.0. Over his last 2 seasons he's landed at 3.04x his preseason projection. His ADP undersells his likely output — worth a look in the later rounds.
4259305,Bo Melton,WR,27,2,170,0.69,1.685252593,66,2,SLEEPER,Bo Melton is projected for 0.7 PPG off an ADP of 170.0. Over his last 2 seasons he's landed at 0.72x his preseason projection. His ADP undersells his likely output — worth a look in the later rounds.
4362477,Derius Davis,WR,25,3,170,0.69,1.654350606,87,3,WILDCARD,Derius Davis is projected for 0.7 PPG off an ADP of 170.0. Over his last 3 seasons he's landed at 0.61x his preseason projection. Outcomes here run wide — real weekly-winner upside with real downside risk.
4035656,Ben Skowronek,WR,29,5,170,0.69,1.222271854,45,3,SLEEPER,Ben Skowronek is projected for 0.7 PPG off an ADP of 170.0. Over his last 3 seasons he's landed at 0.90x his preseason projection. His ADP undersells his likely output — worth a look in the later rounds.
4241476,Tyrell Shavers,WR,27,1,170,1,5.292056609,65,1,SLEEPER,Tyrell Shavers is projected for 1.0 PPG off an ADP of 170.0. Similar wide receiver profiles (65 comps) hit their projection 52% of the time and busted 31% of the time. His ADP undersells his likely output — worth a look in the later rounds.
3043116,Demarcus Robinson,WR,31,10,170,0.57,1.054439356,28,3,SLEEPER,Demarcus Robinson is projected for 0.6 PPG off an ADP of 170.0. Over his last 3 seasons he's landed at 1.52x his preseason projection. His ADP undersells his likely output — worth a look in the later rounds.
4212909,David Moore,WR,31,9,170,0.55,1.041823449,28,3,SLEEPER,David Moore is projected for 0.6 PPG off an ADP of 170.0. Over his last 3 seasons he's landed at 1.54x his preseason projection. His ADP undersells his likely output — worth a look in the later rounds.
3118892,Justin Watson,WR,30,8,170,0.5,1.431941703,38,3,SLEEPER,Justin Watson is projected for 0.5 PPG off an ADP of 170.0. Over his last 3 seasons he's landed at 3.16x his preseason projection. His ADP undersells his likely output — worth a look in the later rounds.
4715355,Darius Cooper,WR,24,1,170,0.5,2.630191582,96,0,WILDCARD,Darius Cooper is projected for 0.5 PPG off an ADP of 170.0. Similar wide receiver profiles (96 comps) hit their projection 54% of the time and busted 34% of the time. Outcomes here run wide — real weekly-winner upside with real downside risk.
4426485,Jonathan Mingo,WR,25,3,170,0.49,1.096688141,88,3,SLEEPER,Jonathan Mingo is projected for 0.5 PPG off an ADP of 170.0. Over his last 3 seasons he's landed at 0.34x his preseason projection. His ADP undersells his likely output — worth a look in the later rounds.
4613104,Malachi Corley,WR,24,2,170,0.35,1.13045344,95,2,WILDCARD,Malachi Corley is projected for 0.3 PPG off an ADP of 170.0. Over his last 2 seasons he's landed at 0.10x his preseason projection. Outcomes here run wide — real weekly-winner upside with real downside risk.
5097554,Kameron Johnson,WR,24,2,170,0.21,4.91847025,94,2,WILDCARD,Kameron Johnson is projected for 0.2 PPG off an ADP of 170.0. Over his last 2 seasons he's landed at 52.16x his preseason projection. Outcomes here run wide — real weekly-winner upside with real downside risk.
4429105,Arian Smith,WR,24,1,170,0.21,0.853347498,95,1,WILDCARD,Arian Smith is projected for 0.2 PPG off an ADP of 170.0. Similar wide receiver profiles (95 comps) hit their projection 55% of the time and busted 34% of the time. Outcomes here run wide — real weekly-winner upside with real downside risk.
4708486,Jimmy Horn Jr.,WR,23,1,170,0.18,5.566018955,81,1,BREAKOUT,"Jimmy Horn Jr. is projected for 0.2 PPG off an ADP of 170.0. Similar wide receiver profiles (81 comps) hit their projection 56% of the time and busted 35% of the time. Age, trend, and role all point toward a real step forward this year."
3123075,Braxton Berrios,WR,30,8,170,0.15,0.984361075,38,3,SLEEPER,Braxton Berrios is projected for 0.1 PPG off an ADP of 170.0. Over his last 3 seasons he's landed at 11.00x his preseason projection. His ADP undersells his likely output — worth a look in the later rounds.
4257188,Charlie Jones,WR,27,3,170,0.14,0.315625529,64,3,SLEEPER,Charlie Jones is projected for 0.1 PPG off an ADP of 170.0. Over his last 3 seasons he's landed at 0.83x his preseason projection. His ADP undersells his likely output — worth a look in the later rounds.
4430656,Myles Price,WR,24,1,170,0.11,0.578642148,96,0,WILDCARD,Myles Price is projected for 0.1 PPG off an ADP of 170.0. Similar wide receiver profiles (96 comps) hit their projection 54% of the time and busted 34% of the time. Outcomes here run wide — real weekly-winner upside with real downside risk.
4690143,LaJohntay Wester,WR,24,1,170,0.1,0.301839566,95,1,WILDCARD,LaJohntay Wester is projected for 0.1 PPG off an ADP of 170.0. Similar wide receiver profiles (95 comps) hit their projection 55% of the time and busted 34% of the time. Outcomes here run wide — real weekly-winner upside with real downside risk.
3926231,Britain Covey,WR,29,4,170,0.1,0.379831076,46,3,SLEEPER,Britain Covey is projected for 0.1 PPG off an ADP of 170.0. Over his last 3 seasons he's landed at 4.98x his preseason projection. His ADP undersells his likely output — worth a look in the later rounds.
4372716,Nikko Remigio,WR,26,1,170,0.08,0.212047357,76,1,BREAKOUT,"Nikko Remigio is projected for 0.1 PPG off an ADP of 170.0. Similar wide receiver profiles (76 comps) hit their projection 51% of the time and busted 34% of the time. Age, trend, and role all point toward a real step forward this year."
4575665,Jacob Cowing,WR,25,2,170,0.07,0.203394978,87,2,WILDCARD,Jacob Cowing is projected for 0.1 PPG off an ADP of 170.0. Over his last 2 seasons he's landed at 1.00x his preseason projection. Outcomes here run wide — real weekly-winner upside with real downside risk.
4570738,Ke'Shawn Williams,WR,24,1,170,0.06,0.31562299,96,0,WILDCARD,Ke'Shawn Williams is projected for 0.1 PPG off an ADP of 170.0. Similar wide receiver profiles (96 comps) hit their projection 54% of the time and busted 34% of the time. Outcomes here run wide — real weekly-winner upside with real downside risk.
4039050,Devin Duvernay,WR,28,6,170,0.05,0.084806694,53,3,SLEEPER,Devin Duvernay is projected for 0.1 PPG off an ADP of 170.0. Over his last 3 seasons he's landed at 0.65x his preseason projection. His ADP undersells his likely output — worth a look in the later rounds.
4426948,Luke McCaffrey,WR,25,2,170,0.05,0.163698858,87,2,BREAKOUT,"Luke McCaffrey is projected for 0.1 PPG off an ADP of 170.0. Over his last 2 seasons he's landed at 1.96x his preseason projection. Age, trend, and role all point toward a real step forward this year."
4877203,Gage Larvadain,WR,23,1,170,0.04,0.191488717,81,1,WILDCARD,Gage Larvadain is projected for 0.0 PPG off an ADP of 170.0. Similar wide receiver profiles (81 comps) hit their projection 56% of the time and busted 35% of the time. Outcomes here run wide — real weekly-winner upside with real downside risk.
4695193,Efton Chism III,WR,24,1,170,0.03,0.139553975,95,1,WILDCARD,Efton Chism III is projected for 0.0 PPG off an ADP of 170.0. Similar wide receiver profiles (95 comps) hit their projection 54% of the time and busted 35% of the time. Outcomes here run wide — real weekly-winner upside with real downside risk.
4430191,Skyy Moore,WR,25,4,170,0.02,0.050087736,86,3,BREAKOUT,"Skyy Moore is projected for 0.0 PPG off an ADP of 170.0. Over his last 3 seasons he's landed at 0.79x his preseason projection. Age, trend, and role all point toward a real step forward this year."
4401805,Dareke Young,WR,27,4,170,0.02,0.035923976,66,3,AVERAGE,Dareke Young is projected for 0.0 PPG off an ADP of 170.0. Over his last 3 seasons he's landed at 0.00x his preseason projection. Production and cost look roughly in line with expectations.
4692835,Jalen Brooks,WR,26,3,170,0.02,0.055202721,77,3,BREAKOUT,"Jalen Brooks is projected for 0.0 PPG off an ADP of 170.0. Over his last 3 seasons he's landed at 2.38x his preseason projection. Age, trend, and role all point toward a real step forward this year."
4034704,Michael Bandy,WR,28,2,170,0.01,0.01,55,2,BREAKOUT,"Michael Bandy is projected for 0.0 PPG off an ADP of 170.0. Similar wide receiver profiles (55 comps) hit their projection 49% of the time and busted 31% of the time. Age, trend, and role all point toward a real step forward this year."
4360763,Brycen Tremayne,WR,26,1,170,0.01,0.031361914,76,1,BREAKOUT,"Brycen Tremayne is projected for 0.0 PPG off an ADP of 170.0. Similar wide receiver profiles (76 comps) hit their projection 50% of the time and busted 34% of the time. Age, trend, and role all point toward a real step forward this year."
4360637,Jeshaun Jones,WR,26,0,170,0,0,77,0,WILDCARD,Jeshaun Jones is projected for 0.0 PPG off an ADP of 170.0. Similar wide receiver profiles (77 comps) hit their projection 51% of the time and busted 34% of the time. Outcomes here run wide — real weekly-winner upside with real downside risk.
4057082,Mason Kinsey,WR,28,6,170,0,0,55,3,OVERVALUED,Mason Kinsey is projected for 0.0 PPG off an ADP of 170.0. Similar wide receiver profiles (55 comps) hit their projection 49% of the time and busted 31% of the time. His draft cost is running ahead of what the data supports.
3122168,Trent Sherfield Sr.,WR,30,8,170,0,0,37,3,OVERVALUED,Trent Sherfield Sr. is projected for 0.0 PPG off an ADP of 170.0. Over his last 3 seasons he's landed at 1.55x his preseason projection. His draft cost is running ahead of what the data supports.
3051889,Laquon Treadwell,WR,31,10,170,0,0,29,3,OVERVALUED,Laquon Treadwell is projected for 0.0 PPG off an ADP of 170.0. Similar wide receiver profiles (29 comps) hit their projection 52% of the time and busted 34% of the time. His draft cost is running ahead of what the data supports.
4036335,Cedrick Wilson Jr.,WR,30,8,170,0,0,38,3,OVERVALUED,Cedrick Wilson Jr. is projected for 0.0 PPG off an ADP of 170.0. Over his last 3 seasons he's landed at 1.03x his preseason projection. His draft cost is running ahead of what the data supports.
3115928,Malik Turner,WR,30,8,170,0,0,39,3,OVERVALUED,Malik Turner is projected for 0.0 PPG off an ADP of 170.0. Similar wide receiver profiles (39 comps) hit their projection 59% of the time and busted 23% of the time. His draft cost is running ahead of what the data supports.
2579604,Phillip Dorsett II,WR,33,11,170,0,0,12,3,BUST,"Phillip Dorsett II is projected for 0.0 PPG off an ADP of 170.0. Similar wide receiver profiles (12 comps) hit their projection 50% of the time and busted 42% of the time. Age, injury trend, and comparable outcomes point to real disappointment risk."
4035004,Mecole Hardman,WR,28,7,170,0,0,55,3,OVERVALUED,Mecole Hardman is projected for 0.0 PPG off an ADP of 170.0. Over his last 3 seasons he's landed at 1.53x his preseason projection. His draft cost is running ahead of what the data supports.
4424106,Gunner Olszewski,WR,29,7,170,0,0,44,3,OVERVALUED,Gunner Olszewski is projected for 0.0 PPG off an ADP of 170.0. Over his last 3 seasons he's landed at 7.54x his preseason projection. His draft cost is running ahead of what the data supports.
3126997,Tom Kennedy,WR,30,7,170,0,0,39,3,OVERVALUED,Tom Kennedy is projected for 0.0 PPG off an ADP of 170.0. Similar wide receiver profiles (39 comps) hit their projection 59% of the time and busted 23% of the time. His draft cost is running ahead of what the data supports.
4241802,Jalen Reagor,WR,27,6,170,0,0,66,3,OVERVALUED,Jalen Reagor is projected for 0.0 PPG off an ADP of 170.0. Similar wide receiver profiles (66 comps) hit their projection 53% of the time and busted 30% of the time. His draft cost is running ahead of what the data supports.
2310331,Tyler Johnson,WR,28,6,170,0,0,53,3,OVERVALUED,Tyler Johnson is projected for 0.0 PPG off an ADP of 170.0. Over his last 3 seasons he's landed at 3.55x his preseason projection. His draft cost is running ahead of what the data supports.
4050373,Quez Watkins,WR,28,6,170,0,0,55,3,BUST,"Quez Watkins is projected for 0.0 PPG off an ADP of 170.0. Over his last 3 seasons he's landed at 0.77x his preseason projection. Age, injury trend, and comparable outcomes point to real disappointment risk."
3916566,K.J. Osborn,WR,29,6,170,0,0,46,3,OVERVALUED,K.J. Osborn is projected for 0.0 PPG off an ADP of 170.0. Over his last 3 seasons he's landed at 1.14x his preseason projection. His draft cost is running ahead of what the data supports.
4242540,Isaiah Hodgins,WR,27,6,170,0,0,66,3,OVERVALUED,Isaiah Hodgins is projected for 0.0 PPG off an ADP of 170.0. Over his last 3 seasons he's landed at 0.51x his preseason projection. His draft cost is running ahead of what the data supports.
3929637,Dan Chisena,WR,29,6,170,0,0,46,3,OVERVALUED,Dan Chisena is projected for 0.0 PPG off an ADP of 170.0. Similar wide receiver profiles (46 comps) hit their projection 54% of the time and busted 28% of the time. His draft cost is running ahead of what the data supports.
4372414,Elijah Moore,WR,26,5,170,0,0,76,3,OVERVALUED,Elijah Moore is projected for 0.0 PPG off an ADP of 170.0. Over his last 3 seasons he's landed at 1.57x his preseason projection. His draft cost is running ahead of what the data supports.
4362630,Terrace Marshall Jr.,WR,26,4,170,0,0,77,3,OVERVALUED,Terrace Marshall Jr. is projected for 0.0 PPG off an ADP of 170.0. Similar wide receiver profiles (77 comps) hit their projection 51% of the time and busted 34% of the time. His draft cost is running ahead of what the data supports.
4240573,Ihmir Smith-Marsette,WR,27,4,170,0,0,66,3,OVERVALUED,Ihmir Smith-Marsette is projected for 0.0 PPG off an ADP of 170.0. Over his last 3 seasons he's landed at 1.55x his preseason projection. His draft cost is running ahead of what the data supports.
4241424,Tylan Wallace,WR,27,5,170,0,0,65,3,OVERVALUED,Tylan Wallace is projected for 0.0 PPG off an ADP of 170.0. Over his last 3 seasons he's landed at 3.91x his preseason projection. His draft cost is running ahead of what the data supports.
4360739,Simi Fehoko,WR,28,5,170,0,0,55,3,OVERVALUED,Simi Fehoko is projected for 0.0 PPG off an ADP of 170.0. Over his last 3 seasons he's landed at 3.15x his preseason projection. His draft cost is running ahead of what the data supports.
4241983,Cody White,WR,27,6,170,0,0,65,3,OVERVALUED,Cody White is projected for 0.0 PPG off an ADP of 170.0. Over his last 3 seasons he's landed at 6.00x his preseason projection. His draft cost is running ahead of what the data supports.
3871102,David Sills V,WR,30,7,170,0,0,39,3,OVERVALUED,David Sills V is projected for 0.0 PPG off an ADP of 170.0. Similar wide receiver profiles (39 comps) hit their projection 59% of the time and busted 23% of the time. His draft cost is running ahead of what the data supports.
4567096,John Metchie III,WR,26,3,170,0,0,76,3,OVERVALUED,John Metchie III is projected for 0.0 PPG off an ADP of 170.0. Over his last 3 seasons he's landed at 32.73x his preseason projection. His draft cost is running ahead of what the data supports.
4689546,Danny Gray,WR,27,2,170,0,0,66,2,WILDCARD,Danny Gray is projected for 0.0 PPG off an ADP of 170.0. Similar wide receiver profiles (66 comps) hit their projection 53% of the time and busted 30% of the time. Outcomes here run wide — real weekly-winner upside with real downside risk.
4362186,Erik Ezukanma,WR,26,2,170,0,0,77,2,WILDCARD,Erik Ezukanma is projected for 0.0 PPG off an ADP of 170.0. Similar wide receiver profiles (77 comps) hit their projection 51% of the time and busted 34% of the time. Outcomes here run wide — real weekly-winner upside with real downside risk.
4027873,Samori Toure,WR,28,2,170,0,0,55,2,OVERVALUED,Samori Toure is projected for 0.0 PPG off an ADP of 170.0. Similar wide receiver profiles (55 comps) hit their projection 49% of the time and busted 31% of the time. His draft cost is running ahead of what the data supports.
4240577,Brandon Smith,WR,27,0,170,0,0,66,0,WILDCARD,Brandon Smith is projected for 0.0 PPG off an ADP of 170.0. Similar wide receiver profiles (66 comps) hit their projection 53% of the time and busted 30% of the time. Outcomes here run wide — real weekly-winner upside with real downside risk.
4374187,Deven Thompkins,WR,26,5,170,0,0,77,3,OVERVALUED,Deven Thompkins is projected for 0.0 PPG off an ADP of 170.0. Over his last 3 seasons he's landed at 0.43x his preseason projection. His draft cost is running ahead of what the data supports.
4245131,Tim Jones,WR,28,3,170,0,0,54,3,OVERVALUED,Tim Jones is projected for 0.0 PPG off an ADP of 170.0. Over his last 3 seasons he's landed at 0.72x his preseason projection. His draft cost is running ahead of what the data supports.
4036448,Jalen Virgil,WR,28,3,170,0,0,55,3,OVERVALUED,Jalen Virgil is projected for 0.0 PPG off an ADP of 170.0. Similar wide receiver profiles (55 comps) hit their projection 49% of the time and busted 31% of the time. His draft cost is running ahead of what the data supports.
4035776,Kendric Pryor,WR,28,1,170,0,0,55,1,OVERVALUED,Kendric Pryor is projected for 0.0 PPG off an ADP of 170.0. Similar wide receiver profiles (55 comps) hit their projection 49% of the time and busted 31% of the time. His draft cost is running ahead of what the data supports.
4244856,Austin Trammell,WR,28,3,170,0,0,55,3,OVERVALUED,Austin Trammell is projected for 0.0 PPG off an ADP of 170.0. Similar wide receiver profiles (55 comps) hit their projection 49% of the time and busted 31% of the time. His draft cost is running ahead of what the data supports.
4572786,Dennis Houston,WR,27,0,170,0,0,66,0,WILDCARD,Dennis Houston is projected for 0.0 PPG off an ADP of 170.0. Similar wide receiver profiles (66 comps) hit their projection 53% of the time and busted 30% of the time. Outcomes here run wide — real weekly-winner upside with real downside risk.
4035198,Brandon Johnson,WR,28,2,170,0,0,55,2,OVERVALUED,Brandon Johnson is projected for 0.0 PPG off an ADP of 170.0. Similar wide receiver profiles (55 comps) hit their projection 49% of the time and busted 31% of the time. His draft cost is running ahead of what the data supports.
4245144,Tay Martin,WR,28,0,170,0,0,55,0,OVERVALUED,Tay Martin is projected for 0.0 PPG off an ADP of 170.0. Similar wide receiver profiles (55 comps) hit their projection 49% of the time and busted 31% of the time. His draft cost is running ahead of what the data supports.
3914307,Maurice Alexander,WR,29,0,170,0,0,46,0,OVERVALUED,Maurice Alexander is projected for 0.0 PPG off an ADP of 170.0. Similar wide receiver profiles (46 comps) hit their projection 54% of the time and busted 28% of the time. His draft cost is running ahead of what the data supports.
4692590,Jalin Hyatt,WR,24,3,170,0,0,95,3,WILDCARD,Jalin Hyatt is projected for 0.0 PPG off an ADP of 170.0. Over his last 3 seasons he's landed at 1.12x his preseason projection. Outcomes here run wide — real weekly-winner upside with real downside risk.
4361426,Justin Shorter,WR,26,4,170,0,0,77,2,WILDCARD,Justin Shorter is projected for 0.0 PPG off an ADP of 170.0. Similar wide receiver profiles (77 comps) hit their projection 51% of the time and busted 34% of the time. Outcomes here run wide — real weekly-winner upside with real downside risk.
4565908,Tyler Scott,WR,24,2,170,0,0,95,2,WILDCARD,Tyler Scott is projected for 0.0 PPG off an ADP of 170.0. Over his last 2 seasons he's landed at 0.18x his preseason projection. Outcomes here run wide — real weekly-winner upside with real downside risk.
4372063,Ronnie Bell,WR,26,2,170,0,0,76,2,OVERVALUED,Ronnie Bell is projected for 0.0 PPG off an ADP of 170.0. Over his last 2 seasons he's landed at 1.15x his preseason projection. His draft cost is running ahead of what the data supports.
4426407,Trey Palmer,WR,25,3,170,0,0,86,3,BUST,"Trey Palmer is projected for 0.0 PPG off an ADP of 170.0. Over his last 3 seasons he's landed at 0.17x his preseason projection. Age, injury trend, and comparable outcomes point to real disappointment risk."
4362019,A.T. Perry,WR,26,1,170,0,0,77,1,WILDCARD,A.T. Perry is projected for 0.0 PPG off an ADP of 170.0. Similar wide receiver profiles (77 comps) hit their projection 51% of the time and busted 34% of the time. Outcomes here run wide — real weekly-winner upside with real downside risk.
4250945,Colton Dowell,WR,27,1,170,0,0,66,1,WILDCARD,Colton Dowell is projected for 0.0 PPG off an ADP of 170.0. Similar wide receiver profiles (66 comps) hit their projection 53% of the time and busted 30% of the time. Outcomes here run wide — real weekly-winner upside with real downside risk.
4689988,Jason Brownlee,WR,27,2,170,0,0,66,2,WILDCARD,Jason Brownlee is projected for 0.0 PPG off an ADP of 170.0. Similar wide receiver profiles (66 comps) hit their projection 53% of the time and busted 30% of the time. Outcomes here run wide — real weekly-winner upside with real downside risk.
4240069,Malik Cunningham,WR,27,1,170,0,0,66,1,OVERVALUED,Malik Cunningham is projected for 0.0 PPG off an ADP of 170.0. Similar wide receiver profiles (66 comps) hit their projection 53% of the time and busted 30% of the time. His draft cost is running ahead of what the data supports.
4427278,Xavier Gipson,WR,25,3,170,0,0,87,3,BUST,"Xavier Gipson is projected for 0.0 PPG off an ADP of 170.0. Over his last 3 seasons he's landed at -0.31x his preseason projection. Age, injury trend, and comparable outcomes point to real disappointment risk."
3929636,Irv Charles,WR,29,3,170,0,0,46,3,OVERVALUED,Irv Charles is projected for 0.0 PPG off an ADP of 170.0. Over his last 3 seasons he's landed at 0.00x his preseason projection. His draft cost is running ahead of what the data supports.
4361332,Shedrick Jackson,WR,26,0,170,0,0,77,0,WILDCARD,Shedrick Jackson is projected for 0.0 PPG off an ADP of 170.0. Similar wide receiver profiles (77 comps) hit their projection 51% of the time and busted 34% of the time. Outcomes here run wide — real weekly-winner upside with real downside risk.
4369466,Ryan Miller,WR,26,2,170,0,0,76,2,BUST,"Ryan Miller is projected for 0.0 PPG off an ADP of 170.0. Over his last 2 seasons he's landed at 0.65x his preseason projection. Age, injury trend, and comparable outcomes point to real disappointment risk."
4369886,Chris Blair,WR,28,1,170,0,0,55,1,OVERVALUED,Chris Blair is projected for 0.0 PPG off an ADP of 170.0. Similar wide receiver profiles (55 comps) hit their projection 49% of the time and busted 31% of the time. His draft cost is running ahead of what the data supports.
4363551,Dylan Drummond,WR,26,1,170,0,0,77,1,OVERVALUED,Dylan Drummond is projected for 0.0 PPG off an ADP of 170.0. Similar wide receiver profiles (77 comps) hit their projection 51% of the time and busted 34% of the time. His draft cost is running ahead of what the data supports.
4430637,Ja'Lynn Polk,WR,24,2,170,0,0,96,2,BUST,"Ja'Lynn Polk is projected for 0.0 PPG off an ADP of 170.0. Over his last 2 seasons he's landed at 0.23x his preseason projection. Age, injury trend, and comparable outcomes point to real disappointment risk."
4686781,Brenden Rice,WR,24,1,170,0,0,96,1,WILDCARD,Brenden Rice is projected for 0.0 PPG off an ADP of 170.0. Similar wide receiver profiles (96 comps) hit their projection 54% of the time and busted 34% of the time. Outcomes here run wide — real weekly-winner upside with real downside risk.
4427985,Bub Means,WR,25,2,170,0,0,88,2,BUST,"Bub Means is projected for 0.0 PPG off an ADP of 170.0. Over his last 2 seasons he's landed at 1.48x his preseason projection. Age, injury trend, and comparable outcomes point to real disappointment risk."
4426479,Cornelius Johnson,WR,25,0,170,0,0,88,0,WILDCARD,Cornelius Johnson is projected for 0.0 PPG off an ADP of 170.0. Similar wide receiver profiles (88 comps) hit their projection 52% of the time and busted 36% of the time. Outcomes here run wide — real weekly-winner upside with real downside risk.
4428678,Jamari Thrash,WR,25,2,170,0,0,86,2,WILDCARD,Jamari Thrash is projected for 0.0 PPG off an ADP of 170.0. Over his last 2 seasons he's landed at 0.70x his preseason projection. Outcomes here run wide — real weekly-winner upside with real downside risk.
4428532,Ainias Smith,WR,25,1,170,0,0,88,1,WILDCARD,Ainias Smith is projected for 0.0 PPG off an ADP of 170.0. Similar wide receiver profiles (88 comps) hit their projection 52% of the time and busted 36% of the time. Outcomes here run wide — real weekly-winner upside with real downside risk.
4427575,Jha'Quan Jackson,WR,26,1,170,0,0,77,1,WILDCARD,Jha'Quan Jackson is projected for 0.0 PPG off an ADP of 170.0. Similar wide receiver profiles (77 comps) hit their projection 51% of the time and busted 34% of the time. Outcomes here run wide — real weekly-winner upside with real downside risk.
4567506,Tahj Washington,WR,25,2,170,0,0,88,2,WILDCARD,Tahj Washington is projected for 0.0 PPG off an ADP of 170.0. Similar wide receiver profiles (88 comps) hit their projection 52% of the time and busted 36% of the time. Outcomes here run wide — real weekly-winner upside with real downside risk.
4875912,Tejhaun Palmer,WR,26,0,170,0,0,77,0,WILDCARD,Tejhaun Palmer is projected for 0.0 PPG off an ADP of 170.0. Similar wide receiver profiles (77 comps) hit their projection 51% of the time and busted 34% of the time. Outcomes here run wide — real weekly-winner upside with real downside risk.
4686104,Johnny Wilson,WR,25,2,170,0,0,88,2,WILDCARD,Johnny Wilson is projected for 0.0 PPG off an ADP of 170.0. Over his last 2 seasons he's landed at 0.55x his preseason projection. Outcomes here run wide — real weekly-winner upside with real downside risk.
4428811,Xavier Weaver,WR,25,2,170,0,0,87,2,OVERVALUED,Xavier Weaver is projected for 0.0 PPG off an ADP of 170.0. Over his last 2 seasons he's landed at 2.63x his preseason projection. His draft cost is running ahead of what the data supports.
4362617,Bryce Oliver,WR,26,2,170,0,0,76,1,OVERVALUED,Bryce Oliver is projected for 0.0 PPG off an ADP of 170.0. Similar wide receiver profiles (76 comps) hit their projection 50% of the time and busted 34% of the time. His draft cost is running ahead of what the data supports.
5065495,Kaden Davis,WR,27,0,170,0,0,66,0,WILDCARD,Kaden Davis is projected for 0.0 PPG off an ADP of 170.0. Similar wide receiver profiles (66 comps) hit their projection 53% of the time and busted 30% of the time. Outcomes here run wide — real weekly-winner upside with real downside risk.
4372758,Kevin Austin Jr.,WR,26,2,170,0,0,77,1,OVERVALUED,Kevin Austin Jr. is projected for 0.0 PPG off an ADP of 170.0. Similar wide receiver profiles (77 comps) hit their projection 51% of the time and busted 34% of the time. His draft cost is running ahead of what the data supports.
4426990,Jalen Moreno-Cropper,WR,25,0,170,0,0,88,0,WILDCARD,Jalen Moreno-Cropper is projected for 0.0 PPG off an ADP of 170.0. Similar wide receiver profiles (88 comps) hit their projection 52% of the time and busted 36% of the time. Outcomes here run wide — real weekly-winner upside with real downside risk.
4430681,Jared Wayne,WR,25,0,170,0,0,88,0,WILDCARD,Jared Wayne is projected for 0.0 PPG off an ADP of 170.0. Similar wide receiver profiles (88 comps) hit their projection 52% of the time and busted 36% of the time. Outcomes here run wide — real weekly-winner upside with real downside risk.
4431466,Jordan Watkins,WR,24,1,170,0,0,95,1,WILDCARD,Jordan Watkins is projected for 0.0 PPG off an ADP of 170.0. Similar wide receiver profiles (95 comps) hit their projection 54% of the time and busted 35% of the time. Outcomes here run wide — real weekly-winner upside with real downside risk.
4431479,Ricky White III,WR,24,0,170,0,0,96,0,WILDCARD,Ricky White III is projected for 0.0 PPG off an ADP of 170.0. Similar wide receiver profiles (96 comps) hit their projection 54% of the time and busted 34% of the time. Outcomes here run wide — real weekly-winner upside with real downside risk.
4596439,Dominic Lovett,WR,23,1,170,0,0,82,1,WILDCARD,Dominic Lovett is projected for 0.0 PPG off an ADP of 170.0. Similar wide receiver profiles (82 comps) hit their projection 56% of the time and busted 34% of the time. Outcomes here run wide — real weekly-winner upside with real downside risk.
4887918,Junior Bergen,WR,23,0,170,0,0,82,0,WILDCARD,Junior Bergen is projected for 0.0 PPG off an ADP of 170.0. Similar wide receiver profiles (82 comps) hit their projection 56% of the time and busted 34% of the time. Outcomes here run wide — real weekly-winner upside with real downside risk.
4570242,Nick Nash,WR,27,0,170,0,0,66,0,WILDCARD,Nick Nash is projected for 0.0 PPG off an ADP of 170.0. Similar wide receiver profiles (66 comps) hit their projection 53% of the time and busted 30% of the time. Outcomes here run wide — real weekly-winner upside with real downside risk.
4431353,Xavier Restrepo,WR,24,0,170,0,0,96,0,WILDCARD,Xavier Restrepo is projected for 0.0 PPG off an ADP of 170.0. Similar wide receiver profiles (96 comps) hit their projection 54% of the time and busted 34% of the time. Outcomes here run wide — real weekly-winner upside with real downside risk.
4428116,Isaiah Neyor,WR,25,0,170,0,0,88,0,WILDCARD,Isaiah Neyor is projected for 0.0 PPG off an ADP of 170.0. Similar wide receiver profiles (88 comps) hit their projection 52% of the time and busted 36% of the time. Outcomes here run wide — real weekly-winner upside with real downside risk.
4426535,Theo Wease Jr.,WR,25,0,170,0,0,88,0,WILDCARD,Theo Wease Jr. is projected for 0.0 PPG off an ADP of 170.0. Similar wide receiver profiles (88 comps) hit their projection 52% of the time and busted 36% of the time. Outcomes here run wide — real weekly-winner upside with real downside risk.
4573243,Chandler Brayboy,WR,25,0,170,0,0,88,0,WILDCARD,Chandler Brayboy is projected for 0.0 PPG off an ADP of 170.0. Similar wide receiver profiles (88 comps) hit their projection 52% of the time and busted 36% of the time. Outcomes here run wide — real weekly-winner upside with real downside risk.
4431210,Beaux Collins,WR,23,1,170,0,0,81,1,WILDCARD,Beaux Collins is projected for 0.0 PPG off an ADP of 170.0. Similar wide receiver profiles (81 comps) hit their projection 56% of the time and busted 35% of the time. Outcomes here run wide — real weekly-winner upside with real downside risk.
4570296,Dalen Cambre,WR,25,1,170,0,0,88,0,WILDCARD,Dalen Cambre is projected for 0.0 PPG off an ADP of 170.0. Similar wide receiver profiles (88 comps) hit their projection 52% of the time and busted 36% of the time. Outcomes here run wide — real weekly-winner upside with real downside risk.
4602788,Jackson Meeks,WR,23,0,170,0,0,82,0,WILDCARD,Jackson Meeks is projected for 0.0 PPG off an ADP of 170.0. Similar wide receiver profiles (82 comps) hit their projection 56% of the time and busted 34% of the time. Outcomes here run wide — real weekly-winner upside with real downside risk.
4613050,Quentin Skinner,WR,24,1,170,0,0,96,0,WILDCARD,Quentin Skinner is projected for 0.0 PPG off an ADP of 170.0. Similar wide receiver profiles (96 comps) hit their projection 54% of the time and busted 34% of the time. Outcomes here run wide — real weekly-winner upside with real downside risk.
5083297,Jacoby Jones,WR,25,0,170,0,0,88,0,WILDCARD,Jacoby Jones is projected for 0.0 PPG off an ADP of 170.0. Similar wide receiver profiles (88 comps) hit their projection 52% of the time and busted 36% of the time. Outcomes here run wide — real weekly-winner upside with real downside risk.
4431142,Jimmy Holiday,WR,24,0,170,0,0,96,0,WILDCARD,Jimmy Holiday is projected for 0.0 PPG off an ADP of 170.0. Similar wide receiver profiles (96 comps) hit their projection 54% of the time and busted 34% of the time. Outcomes here run wide — real weekly-winner upside with real downside risk.
4578436,Coleman Owen,WR,25,0,170,0,0,88,0,WILDCARD,Coleman Owen is projected for 0.0 PPG off an ADP of 170.0. Similar wide receiver profiles (88 comps) hit their projection 52% of the time and busted 36% of the time. Outcomes here run wide — real weekly-winner upside with real downside risk.
4431342,Brennan Presley,WR,24,0,170,0,0,96,0,WILDCARD,Brennan Presley is projected for 0.0 PPG off an ADP of 170.0. Similar wide receiver profiles (96 comps) hit their projection 54% of the time and busted 34% of the time. Outcomes here run wide — real weekly-winner upside with real downside risk.
4569372,Dalevon Campbell,WR,24,1,170,0,0,96,0,WILDCARD,Dalevon Campbell is projected for 0.0 PPG off an ADP of 170.0. Similar wide receiver profiles (96 comps) hit their projection 54% of the time and busted 34% of the time. Outcomes here run wide — real weekly-winner upside with real downside risk.
3061612,Jamal Agnew,WR,31,9,170,0,0,28,3,BUST,"Jamal Agnew is projected for 0.0 PPG off an ADP of 170.0. Over his last 3 seasons he's landed at -0.07x his preseason projection. Age, injury trend, and comparable outcomes point to real disappointment risk."
2576581,Chris Moore,WR,33,10,170,0,0,11,3,BUST,"Chris Moore is projected for 0.0 PPG off an ADP of 170.0. Over his last 3 seasons he's landed at 0.00x his preseason projection. Age, injury trend, and comparable outcomes point to real disappointment risk."
3121409,Noah Brown,WR,30,9,170,0,0,38,3,OVERVALUED,Noah Brown is projected for 0.0 PPG off an ADP of 170.0. Over his last 3 seasons he's landed at 1.06x his preseason projection. His draft cost is running ahead of what the data supports.
3115255,Brandon Powell,WR,30,8,170,0,0,39,3,BUST,"Brandon Powell is projected for 0.0 PPG off an ADP of 170.0. Over his last 3 seasons he's landed at 0.40x his preseason projection. Age, injury trend, and comparable outcomes point to real disappointment risk."
2978109,Zach Pascal,WR,31,9,170,0,0,29,3,BUST,"Zach Pascal is projected for 0.0 PPG off an ADP of 170.0. Over his last 3 seasons he's landed at 0.00x his preseason projection. Age, injury trend, and comparable outcomes point to real disappointment risk."
3052056,River Cracraft,WR,31,9,170,0,0,29,3,OVERVALUED,River Cracraft is projected for 0.0 PPG off an ADP of 170.0. Similar wide receiver profiles (29 comps) hit their projection 52% of the time and busted 34% of the time. His draft cost is running ahead of what the data supports.
3728262,Ray-Ray McCloud III,WR,29,8,170,0,0,46,3,OVERVALUED,Ray-Ray McCloud III is projected for 0.0 PPG off an ADP of 170.0. Over his last 3 seasons he's landed at 0.79x his preseason projection. His draft cost is running ahead of what the data supports.
3115378,Russell Gage Jr.,WR,30,8,170,0,0,39,3,OVERVALUED,Russell Gage Jr. is projected for 0.0 PPG off an ADP of 170.0. Similar wide receiver profiles (39 comps) hit their projection 59% of the time and busted 23% of the time. His draft cost is running ahead of what the data supports.
3040569,Trent Taylor,WR,32,9,170,0,0,18,3,BUST,"Trent Taylor is projected for 0.0 PPG off an ADP of 170.0. Over his last 3 seasons he's landed at -0.33x his preseason projection. Age, injury trend, and comparable outcomes point to real disappointment risk."
2580216,DeAndre Carter,WR,33,11,170,0,0,11,3,BUST,"DeAndre Carter is projected for 0.0 PPG off an ADP of 170.0. Over his last 3 seasons he's landed at 1.11x his preseason projection. Age, injury trend, and comparable outcomes point to real disappointment risk."
2977800,Alex Erickson,WR,33,10,170,0,0,12,3,BUST,"Alex Erickson is projected for 0.0 PPG off an ADP of 170.0. Similar wide receiver profiles (12 comps) hit their projection 50% of the time and busted 42% of the time. Age, injury trend, and comparable outcomes point to real disappointment risk."
3047876,KhaDarel Hodge,WR,31,8,170,0,0,27,3,BUST,"KhaDarel Hodge is projected for 0.0 PPG off an ADP of 170.0. Over his last 3 seasons he's landed at 0.60x his preseason projection. Age, injury trend, and comparable outcomes point to real disappointment risk."
3128390,Allen Lazard,WR,30,8,170,0,0,38,3,OVERVALUED,Allen Lazard is projected for 0.0 PPG off an ADP of 170.0. Over his last 3 seasons he's landed at 1.84x his preseason projection. His draft cost is running ahead of what the data supports.
3135321,Hunter Renfrow,WR,30,7,170,0,0,38,3,OVERVALUED,Hunter Renfrow is projected for 0.0 PPG off an ADP of 170.0. Over his last 3 seasons he's landed at 0.97x his preseason projection. His draft cost is running ahead of what the data supports.
3115306,Josh Reynolds,WR,31,9,170,0,0,29,3,OVERVALUED,Josh Reynolds is projected for 0.0 PPG off an ADP of 170.0. Over his last 3 seasons he's landed at 1.02x his preseason projection. His draft cost is running ahead of what the data supports.
3932442,Equanimeous St. Brown,WR,29,8,170,0,0,46,3,OVERVALUED,Equanimeous St. Brown is projected for 0.0 PPG off an ADP of 170.0. Over his last 3 seasons he's landed at 0.98x his preseason projection. His draft cost is running ahead of what the data supports.
3121410,Parris Campbell,WR,29,7,170,0,0,46,3,OVERVALUED,Parris Campbell is projected for 0.0 PPG off an ADP of 170.0. Similar wide receiver profiles (46 comps) hit their projection 54% of the time and busted 28% of the time. His draft cost is running ahead of what the data supports.
3932905,Diontae Johnson,WR,30,7,170,0,0,39,3,BUST,"Diontae Johnson is projected for 0.0 PPG off an ADP of 170.0. Over his last 3 seasons he's landed at 0.53x his preseason projection. Age, injury trend, and comparable outcomes point to real disappointment risk."
3127306,Dante Pettis,WR,30,8,170,0,0,39,3,OVERVALUED,Dante Pettis is projected for 0.0 PPG off an ADP of 170.0. Similar wide receiver profiles (39 comps) hit their projection 59% of the time and busted 23% of the time. His draft cost is running ahead of what the data supports.
3115394,DJ Chark Jr.,WR,29,8,170,0,0,45,3,BUST,"DJ Chark Jr. is projected for 0.0 PPG off an ADP of 170.0. Over his last 3 seasons he's landed at 0.46x his preseason projection. Age, injury trend, and comparable outcomes point to real disappointment risk."
3121427,Curtis Samuel,WR,30,9,170,0,0,38,3,OVERVALUED,Curtis Samuel is projected for 0.0 PPG off an ADP of 170.0. Over his last 3 seasons he's landed at 0.85x his preseason projection. His draft cost is running ahead of what the data supports.
3059722,Zay Jones,WR,31,9,170,0,0,28,3,BUST,"Zay Jones is projected for 0.0 PPG off an ADP of 170.0. Over his last 3 seasons he's landed at 1.17x his preseason projection. Age, injury trend, and comparable outcomes point to real disappointment risk."
3045138,Mike Williams,WR,31,9,170,0,0,29,3,BUST,"Mike Williams is projected for 0.0 PPG off an ADP of 170.0. Over his last 3 seasons he's landed at 0.27x his preseason projection. Age, injury trend, and comparable outcomes point to real disappointment risk."
3045144,Tyler Boyd,WR,31,10,170,0,0,29,3,BUST,"Tyler Boyd is projected for 0.0 PPG off an ADP of 170.0. Over his last 3 seasons he's landed at 0.70x his preseason projection. Age, injury trend, and comparable outcomes point to real disappointment risk."
2577327,Tyler Lockett,WR,33,11,170,0,0,11,3,BUST,"Tyler Lockett is projected for 0.0 PPG off an ADP of 170.0. Over his last 3 seasons he's landed at 0.66x his preseason projection. Age, injury trend, and comparable outcomes point to real disappointment risk."
2578533,Chris Conley,WR,33,11,170,0,0,11,3,BUST,"Chris Conley is projected for 0.0 PPG off an ADP of 170.0. Over his last 3 seasons he's landed at 0.99x his preseason projection. Age, injury trend, and comparable outcomes point to real disappointment risk."
2976499,Amari Cooper,WR,32,11,170,0,0,18,3,BUST,"Amari Cooper is projected for 0.0 PPG off an ADP of 170.0. Over his last 3 seasons he's landed at 0.63x his preseason projection. Age, injury trend, and comparable outcomes point to real disappointment risk."
2971618,Nelson Agholor,WR,33,11,170,0,0,12,3,BUST,"Nelson Agholor is projected for 0.0 PPG off an ADP of 170.0. Over his last 3 seasons he's landed at 0.96x his preseason projection. Age, injury trend, and comparable outcomes point to real disappointment risk."
2976592,Sterling Shepard,WR,33,10,170,0,0,11,3,BUST,"Sterling Shepard is projected for 0.0 PPG off an ADP of 170.0. Over his last 3 seasons he's landed at 1.99x his preseason projection. Age, injury trend, and comparable outcomes point to real disappointment risk."
2576716,Jamison Crowder,WR,33,11,170,0,0,11,3,BUST,"Jamison Crowder is projected for 0.0 PPG off an ADP of 170.0. Over his last 3 seasons he's landed at 3.87x his preseason projection. Age, injury trend, and comparable outcomes point to real disappointment risk."
2574808,Robbie Chosen,WR,33,10,170,0,0,12,3,BUST,"Robbie Chosen is projected for 0.0 PPG off an ADP of 170.0. Similar wide receiver profiles (12 comps) hit their projection 50% of the time and busted 42% of the time. Age, injury trend, and comparable outcomes point to real disappointment risk."
15795,DeAndre Hopkins,WR,34,13,170,0,0,5,3,BUST,"DeAndre Hopkins is projected for 0.0 PPG off an ADP of 170.0. Over his last 3 seasons he's landed at 0.74x his preseason projection. Age, injury trend, and comparable outcomes point to real disappointment risk."
16799,Allen Robinson II,WR,33,12,170,0,0,12,3,BUST,"Allen Robinson II is projected for 0.0 PPG off an ADP of 170.0. Over his last 3 seasons he's landed at 0.55x his preseason projection. Age, injury trend, and comparable outcomes point to real disappointment risk."
15818,Keenan Allen,WR,34,13,170,0,0,5,3,BUST,"Keenan Allen is projected for 0.0 PPG off an ADP of 170.0. Over his last 3 seasons he's landed at 0.82x his preseason projection. Age, injury trend, and comparable outcomes point to real disappointment risk."
16731,Brandin Cooks,WR,32,12,170,0,0,17,3,BUST,"Brandin Cooks is projected for 0.0 PPG off an ADP of 170.0. Over his last 3 seasons he's landed at 0.66x his preseason projection. Age, injury trend, and comparable outcomes point to real disappointment risk."
15880,Robert Woods,WR,34,13,170,0,0,4,3,BUST,"Robert Woods is projected for 0.0 PPG off an ADP of 170.0. Over his last 3 seasons he's landed at 2.83x his preseason projection. Age, injury trend, and comparable outcomes point to real disappointment risk."
16460,Adam Thielen,WR,36,13,170,0,0,0,3,OVERVALUED,Adam Thielen is projected for 0.0 PPG off an ADP of 170.0. Over his last 3 seasons he's landed at 0.81x his preseason projection. His draft cost is running ahead of what the data supports.
3917960,Steven Sims,WR,29,7,170,0,0,46,3,OVERVALUED,Steven Sims is projected for 0.0 PPG off an ADP of 170.0. Over his last 3 seasons he's landed at -1.83x his preseason projection. His draft cost is running ahead of what the data supports.
4411193,Deonte Harty,WR,28,7,170,0,0,55,3,BUST,"Deonte Harty is projected for 0.0 PPG off an ADP of 170.0. Over his last 3 seasons he's landed at 0.20x his preseason projection. Age, injury trend, and comparable outcomes point to real disappointment risk."
3931391,Trenton Irwin,WR,30,7,170,0,0,39,3,BUST,"Trenton Irwin is projected for 0.0 PPG off an ADP of 170.0. Over his last 3 seasons he's landed at 0.17x his preseason projection. Age, injury trend, and comparable outcomes point to real disappointment risk."
4243160,Laviska Shenault Jr.,WR,27,6,170,0,0,66,3,OVERVALUED,Laviska Shenault Jr. is projected for 0.0 PPG off an ADP of 170.0. Over his last 3 seasons he's landed at 0.60x his preseason projection. His draft cost is running ahead of what the data supports.
4243537,Gabe Davis,WR,27,6,170,0,0,66,3,BUST,"Gabe Davis is projected for 0.0 PPG off an ADP of 170.0. Over his last 3 seasons he's landed at 0.47x his preseason projection. Age, injury trend, and comparable outcomes point to real disappointment risk."
4039043,Collin Johnson,WR,28,6,170,0,0,55,3,OVERVALUED,Collin Johnson is projected for 0.0 PPG off an ADP of 170.0. Similar wide receiver profiles (55 comps) hit their projection 49% of the time and busted 31% of the time. His draft cost is running ahead of what the data supports.
3916204,James Proche II,WR,29,6,170,0,0,46,3,OVERVALUED,James Proche II is projected for 0.0 PPG off an ADP of 170.0. Similar wide receiver profiles (46 comps) hit their projection 54% of the time and busted 28% of the time. His draft cost is running ahead of what the data supports.
4035170,Marquez Callaway,WR,28,6,170,0,0,55,3,OVERVALUED,Marquez Callaway is projected for 0.0 PPG off an ADP of 170.0. Similar wide receiver profiles (55 comps) hit their projection 49% of the time and busted 31% of the time. His draft cost is running ahead of what the data supports.
4046715,Trishton Jackson,WR,28,6,170,0,0,54,3,OVERVALUED,Trishton Jackson is projected for 0.0 PPG off an ADP of 170.0. Over his last 3 seasons he's landed at 0.00x his preseason projection. His draft cost is running ahead of what the data supports.
3915821,Tony Brown,WR,29,6,170,0,0,46,3,OVERVALUED,Tony Brown is projected for 0.0 PPG off an ADP of 170.0. Similar wide receiver profiles (46 comps) hit their projection 54% of the time and busted 28% of the time. His draft cost is running ahead of what the data supports.
3910176,Kristian Wilkerson,WR,29,6,170,0,0,46,3,OVERVALUED,Kristian Wilkerson is projected for 0.0 PPG off an ADP of 170.0. Similar wide receiver profiles (46 comps) hit their projection 54% of the time and busted 28% of the time. His draft cost is running ahead of what the data supports.
4240600,Kadarius Toney,WR,27,4,170,0,0,66,3,OVERVALUED,Kadarius Toney is projected for 0.0 PPG off an ADP of 170.0. Similar wide receiver profiles (66 comps) hit their projection 53% of the time and busted 30% of the time. His draft cost is running ahead of what the data supports.
4043016,Dee Eskridge,WR,29,5,170,0,0,45,3,OVERVALUED,Dee Eskridge is projected for 0.0 PPG off an ADP of 170.0. Over his last 3 seasons he's landed at 1.01x his preseason projection. His draft cost is running ahead of what the data supports.
4036026,Dez Fitzpatrick,WR,28,2,170,0,0,55,2,OVERVALUED,Dez Fitzpatrick is projected for 0.0 PPG off an ADP of 170.0. Similar wide receiver profiles (55 comps) hit their projection 49% of the time and busted 31% of the time. His draft cost is running ahead of what the data supports.
4243830,Jaelon Darden,WR,27,3,170,0,0,66,3,OVERVALUED,Jaelon Darden is projected for 0.0 PPG off an ADP of 170.0. Similar wide receiver profiles (66 comps) hit their projection 53% of the time and busted 30% of the time. His draft cost is running ahead of what the data supports.
4249030,D.J. Montgomery,WR,29,7,170,0,0,46,3,OVERVALUED,D.J. Montgomery is projected for 0.0 PPG off an ADP of 170.0. Similar wide receiver profiles (46 comps) hit their projection 54% of the time and busted 28% of the time. His draft cost is running ahead of what the data supports.
3126115,Cody Thompson,WR,30,7,170,0,0,39,3,OVERVALUED,Cody Thompson is projected for 0.0 PPG off an ADP of 170.0. Over his last 3 seasons he's landed at 0.17x his preseason projection. His draft cost is running ahead of what the data supports.
4570409,David Bell,WR,25,4,170,0,0,88,3,BUST,"David Bell is projected for 0.0 PPG off an ADP of 170.0. Similar wide receiver profiles (88 comps) hit their projection 52% of the time and busted 36% of the time. Age, injury trend, and comparable outcomes point to real disappointment risk."
4360174,Michael Woods II,WR,26,4,170,0,0,77,3,OVERVALUED,Michael Woods II is projected for 0.0 PPG off an ADP of 170.0. Similar wide receiver profiles (77 comps) hit their projection 51% of the time and busted 34% of the time. His draft cost is running ahead of what the data supports.
4248822,Montrell Washington,WR,27,3,170,0,0,66,3,WILDCARD,Montrell Washington is projected for 0.0 PPG off an ADP of 170.0. Similar wide receiver profiles (66 comps) hit their projection 53% of the time and busted 30% of the time. Outcomes here run wide — real weekly-winner upside with real downside risk.
4360306,Justyn Ross,WR,26,3,170,0,0,77,3,OVERVALUED,Justyn Ross is projected for 0.0 PPG off an ADP of 170.0. Similar wide receiver profiles (77 comps) hit their projection 51% of the time and busted 34% of the time. His draft cost is running ahead of what the data supports.
4036211,DJ Turner,WR,29,4,170,0,0,46,3,OVERVALUED,DJ Turner is projected for 0.0 PPG off an ADP of 170.0. Over his last 3 seasons he's landed at 4.52x his preseason projection. His draft cost is running ahead of what the data supports.
3886809,Andre Baccellia,WR,29,6,170,0,0,46,3,OVERVALUED,Andre Baccellia is projected for 0.0 PPG off an ADP of 170.0. Similar wide receiver profiles (46 comps) hit their projection 54% of the time and busted 28% of the time. His draft cost is running ahead of what the data supports.
4879650,Grant DuBose,WR,25,2,170,0,0,88,2,BUST,"Grant DuBose is projected for 0.0 PPG off an ADP of 170.0. Over his last 2 seasons he's landed at 2.51x his preseason projection. Age, injury trend, and comparable outcomes point to real disappointment risk."
4373266,Antoine Green,WR,26,2,170,0,0,77,2,WILDCARD,Antoine Green is projected for 0.0 PPG off an ADP of 170.0. Similar wide receiver profiles (77 comps) hit their projection 51% of the time and busted 34% of the time. Outcomes here run wide — real weekly-winner upside with real downside risk.
4426426,Joseph Ngata,WR,25,1,170,0,0,88,1,WILDCARD,Joseph Ngata is projected for 0.0 PPG off an ADP of 170.0. Similar wide receiver profiles (88 comps) hit their projection 52% of the time and busted 36% of the time. Outcomes here run wide — real weekly-winner upside with real downside risk.
4429006,Rakim Jarrett,WR,25,3,170,0,0,88,3,OVERVALUED,Rakim Jarrett is projected for 0.0 PPG off an ADP of 170.0. Similar wide receiver profiles (88 comps) hit their projection 52% of the time and busted 36% of the time. His draft cost is running ahead of what the data supports.
4689334,Malik Heath,WR,26,3,170,0,0,76,3,OVERVALUED,Malik Heath is projected for 0.0 PPG off an ADP of 170.0. Over his last 3 seasons he's landed at 4.60x his preseason projection. His draft cost is running ahead of what the data supports.
4367186,Chase Cota,WR,26,1,170,0,0,77,1,WILDCARD,Chase Cota is projected for 0.0 PPG off an ADP of 170.0. Similar wide receiver profiles (77 comps) hit their projection 51% of the time and busted 34% of the time. Outcomes here run wide — real weekly-winner upside with real downside risk.
4241588,Elijah Cooks,WR,27,2,170,0,0,66,2,WILDCARD,Elijah Cooks is projected for 0.0 PPG off an ADP of 170.0. Similar wide receiver profiles (66 comps) hit their projection 53% of the time and busted 30% of the time. Outcomes here run wide — real weekly-winner upside with real downside risk.
4361778,Kearis Jackson,WR,26,2,170,0,0,77,2,WILDCARD,Kearis Jackson is projected for 0.0 PPG off an ADP of 170.0. Similar wide receiver profiles (77 comps) hit their projection 51% of the time and busted 34% of the time. Outcomes here run wide — real weekly-winner upside with real downside risk.
4243319,Terrell Bynum,WR,28,1,170,0,0,55,1,OVERVALUED,Terrell Bynum is projected for 0.0 PPG off an ADP of 170.0. Similar wide receiver profiles (55 comps) hit their projection 49% of the time and busted 31% of the time. His draft cost is running ahead of what the data supports.
4429033,Jermaine Burton,WR,25,2,170,0,0,87,2,WILDCARD,Jermaine Burton is projected for 0.0 PPG off an ADP of 170.0. Over his last 2 seasons he's landed at 0.11x his preseason projection. Outcomes here run wide — real weekly-winner upside with real downside risk.
4692022,Javon Baker,WR,24,2,170,0,0,94,2,WILDCARD,Javon Baker is projected for 0.0 PPG off an ADP of 170.0. Over his last 2 seasons he's landed at 0.05x his preseason projection. Outcomes here run wide — real weekly-winner upside with real downside risk.
4428796,Casey Washington,WR,25,3,170,0,0,87,1,WILDCARD,Casey Washington is projected for 0.0 PPG off an ADP of 170.0. Similar wide receiver profiles (87 comps) hit their projection 52% of the time and busted 37% of the time. Outcomes here run wide — real weekly-winner upside with real downside risk.
4362227,Bryce Ford-Wheaton,WR,26,3,170,0,0,77,1,WILDCARD,Bryce Ford-Wheaton is projected for 0.0 PPG off an ADP of 170.0. Similar wide receiver profiles (77 comps) hit their projection 51% of the time and busted 34% of the time. Outcomes here run wide — real weekly-winner upside with real downside risk.
4426399,Ramel Keyton,WR,25,1,170,0,0,88,1,WILDCARD,Ramel Keyton is projected for 0.0 PPG off an ADP of 170.0. Similar wide receiver profiles (88 comps) hit their projection 52% of the time and busted 36% of the time. Outcomes here run wide — real weekly-winner upside with real downside risk.
4589248,Tyreik McAllister,WR,28,1,170,0,0,55,1,OVERVALUED,Tyreik McAllister is projected for 0.0 PPG off an ADP of 170.0. Similar wide receiver profiles (55 comps) hit their projection 49% of the time and busted 31% of the time. His draft cost is running ahead of what the data supports.
3919510,Alex Bachman,WR,30,7,170,0,0,39,3,OVERVALUED,Alex Bachman is projected for 0.0 PPG off an ADP of 170.0. Similar wide receiver profiles (39 comps) hit their projection 59% of the time and busted 23% of the time. His draft cost is running ahead of what the data supports.
4426893,Joshua Cephus,WR,25,1,170,0,0,88,1,WILDCARD,Joshua Cephus is projected for 0.0 PPG off an ADP of 170.0. Similar wide receiver profiles (88 comps) hit their projection 52% of the time and busted 36% of the time. Outcomes here run wide — real weekly-winner upside with real downside risk.
4379405,Jaylen Johnson,WR,26,1,170,0,0,77,1,WILDCARD,Jaylen Johnson is projected for 0.0 PPG off an ADP of 170.0. Similar wide receiver profiles (77 comps) hit their projection 51% of the time and busted 34% of the time. Outcomes here run wide — real weekly-winner upside with real downside risk.
3050487,Anthony Miller,WR,31,8,170,0,0,29,3,OVERVALUED,Anthony Miller is projected for 0.0 PPG off an ADP of 170.0. Similar wide receiver profiles (29 comps) hit their projection 52% of the time and busted 34% of the time. His draft cost is running ahead of what the data supports.
4698301,Jermaine Jackson,WR,26,0,170,0,0,77,0,WILDCARD,Jermaine Jackson is projected for 0.0 PPG off an ADP of 170.0. Similar wide receiver profiles (77 comps) hit their projection 51% of the time and busted 34% of the time. Outcomes here run wide — real weekly-winner upside with real downside risk.
3052177,John Ross,WR,30,9,170,0,0,39,3,OVERVALUED,John Ross is projected for 0.0 PPG off an ADP of 170.0. Similar wide receiver profiles (39 comps) hit their projection 59% of the time and busted 23% of the time. His draft cost is running ahead of what the data supports.
4775196,Tommy Mellott,WR,24,0,170,0,0,96,0,WILDCARD,Tommy Mellott is projected for 0.0 PPG off an ADP of 170.0. Similar wide receiver profiles (96 comps) hit their projection 54% of the time and busted 34% of the time. Outcomes here run wide — real weekly-winner upside with real downside risk.
4431509,Kaden Prather,WR,24,0,170,0,0,96,0,WILDCARD,Kaden Prather is projected for 0.0 PPG off an ADP of 170.0. Similar wide receiver profiles (96 comps) hit their projection 54% of the time and busted 34% of the time. Outcomes here run wide — real weekly-winner upside with real downside risk.
4431506,Ja'Corey Brooks,WR,24,1,170,0,0,96,1,WILDCARD,Ja'Corey Brooks is projected for 0.0 PPG off an ADP of 170.0. Similar wide receiver profiles (96 comps) hit their projection 54% of the time and busted 34% of the time. Outcomes here run wide — real weekly-winner upside with real downside risk.
4597500,Adonai Mitchell,WR,23,2,170.1,6.84,6.07293509,17,2,BREAKOUT,"Adonai Mitchell is projected for 6.8 PPG off an ADP of 170.1. Over his last 2 seasons he's landed at 0.74x his preseason projection. Age, trend, and role all point toward a real step forward this year."
5123663,Isaac TeSlaa,WR,24,1,170.1,4.29,4.761236419,21,1,BREAKOUT,"Isaac TeSlaa is projected for 4.3 PPG off an ADP of 170.1. Similar wide receiver profiles (21 comps) hit their projection 38% of the time and busted 57% of the time. Age, trend, and role all point toward a real step forward this year."
4869645,Caleb Douglas,WR,23,0,170.1,4.73,4.680790396,17,0,SLEEPER,Caleb Douglas is projected for 4.7 PPG off an ADP of 170.1. Similar wide receiver profiles (17 comps) hit their projection 35% of the time and busted 59% of the time. His ADP undersells his likely output — worth a look in the later rounds.
4569603,Malik Washington,WR,25,2,170.1,6.23,8.207188409,24,2,BREAKOUT,"Malik Washington is projected for 6.2 PPG off an ADP of 170.1. Over his last 2 seasons he's landed at 1.87x his preseason projection. Age, trend, and role all point toward a real step forward this year."
4431487,Savion Williams,WR,24,1,170.1,4.11,4.98139593,21,1,BREAKOUT,"Savion Williams is projected for 4.1 PPG off an ADP of 170.1. Similar wide receiver profiles (21 comps) hit their projection 38% of the time and busted 57% of the time. Age, trend, and role all point toward a real step forward this year."
5220680,Ted Hurst III,WR,22,0,170.1,3.82,4.398602073,14,0,BREAKOUT,"Ted Hurst III is projected for 3.8 PPG off an ADP of 170.1. Similar wide receiver profiles (14 comps) hit their projection 43% of the time and busted 50% of the time. Age, trend, and role all point toward a real step forward this year."
4361577,Dyami Brown,WR,26,5,170.1,5.02,3.817895978,14,3,SLEEPER,Dyami Brown is projected for 5.0 PPG off an ADP of 170.1. Over his last 3 seasons he's landed at 0.80x his preseason projection. His ADP undersells his likely output — worth a look in the later rounds.
4361409,Jahan Dotson,WR,26,4,170.1,4.95,4.010184289,15,3,SLEEPER,Jahan Dotson is projected for 5.0 PPG off an ADP of 170.1. Over his last 3 seasons he's landed at 0.89x his preseason projection. His ADP undersells his likely output — worth a look in the later rounds.
5081432,Antonio Williams,WR,22,0,170.2,6.82,7.853001607,14,0,BREAKOUT,"Antonio Williams is projected for 6.8 PPG off an ADP of 170.2. Similar wide receiver profiles (14 comps) hit their projection 43% of the time and busted 50% of the time. Age, trend, and role all point toward a real step forward this year."
4249417,Jalen Tolbert,WR,27,4,170.2,5.27,4.258712433,16,3,SLEEPER,Jalen Tolbert is projected for 5.3 PPG off an ADP of 170.2. Over his last 3 seasons he's landed at 0.98x his preseason projection. His ADP undersells his likely output — worth a look in the later rounds.
4428850,Dontayvion Wicks,WR,25,3,170.2,3.86,6.896946657,24,3,BREAKOUT,"Dontayvion Wicks is projected for 3.9 PPG off an ADP of 170.2. Over his last 3 seasons he's landed at 2.62x his preseason projection. Age, trend, and role all point toward a real step forward this year."
3929785,Nick Westbrook-Ikhine,WR,29,6,170.2,5.63,8.781180048,11,3,SLEEPER,Nick Westbrook-Ikhine is projected for 5.6 PPG off an ADP of 170.2. Over his last 3 seasons he's landed at 2.61x his preseason projection. His ADP undersells his likely output — worth a look in the later rounds.
5083754,Ryan Flournoy,WR,26,2,170.3,5.28,10.05645008,11,2,BREAKOUT,"Ryan Flournoy is projected for 5.3 PPG off an ADP of 170.3. Over his last 2 seasons he's landed at 3.47x his preseason projection. Age, trend, and role all point toward a real step forward this year."
4360438,Brandon Aiyuk,WR,28,6,170.3,0,0,12,3,SLEEPER,Brandon Aiyuk is projected for 0.0 PPG off an ADP of 170.3. Over his last 3 seasons he's landed at 0.30x his preseason projection. His ADP undersells his likely output — worth a look in the later rounds.
4686612,Tre' Harris,WR,24,1,170.5,5.26,7.876732825,17,1,BREAKOUT,"Tre' Harris is projected for 5.3 PPG off an ADP of 170.5. Similar wide receiver profiles (17 comps) hit their projection 41% of the time and busted 53% of the time. Age, trend, and role all point toward a real step forward this year."
4366031,Tank Dell,WR,26,3,170.5,4.04,3.167682639,11,3,SLEEPER,Tank Dell is projected for 4.0 PPG off an ADP of 170.5. Over his last 3 seasons he's landed at 0.71x his preseason projection. His ADP undersells his likely output — worth a look in the later rounds.
4710714,De'Zhaun Stribling,WR,23,0,170.5,3.66,3.61743886,14,0,BREAKOUT,"De'Zhaun Stribling is projected for 3.7 PPG off an ADP of 170.5. Similar wide receiver profiles (14 comps) hit their projection 36% of the time and busted 57% of the time. Age, trend, and role all point toward a real step forward this year."
4360939,Rashod Bateman,WR,26,5,170.7,7.21,6.513615261,11,3,SLEEPER,Rashod Bateman is projected for 7.2 PPG off an ADP of 170.7. Over his last 3 seasons he's landed at 0.95x his preseason projection. His ADP undersells his likely output — worth a look in the later rounds.
4597703,Tory Horton,WR,23,1,170.7,3.85,5.206699829,14,1,SLEEPER,Tory Horton is projected for 3.9 PPG off an ADP of 170.7. Similar wide receiver profiles (14 comps) hit their projection 36% of the time and busted 57% of the time. His ADP undersells his likely output — worth a look in the later rounds.
4429022,Kayshon Boutte,WR,24,3,170.7,3.98,27.33574579,17,3,BREAKOUT,"Kayshon Boutte is projected for 4.0 PPG off an ADP of 170.7. Over his last 3 seasons he's landed at 12.64x his preseason projection. Age, trend, and role all point toward a real step forward this year."
4431280,Troy Franklin,WR,23,2,170.7,2.98,3.521187439,14,2,BREAKOUT,"Troy Franklin is projected for 3.0 PPG off an ADP of 170.7. Over his last 2 seasons he's landed at 1.47x his preseason projection. Age, trend, and role all point toward a real step forward this year."
4586312,Jaylin Noel,WR,24,1,170.8,6.12,7.826251205,17,1,BREAKOUT,"Jaylin Noel is projected for 6.1 PPG off an ADP of 170.8. Similar wide receiver profiles (17 comps) hit their projection 41% of the time and busted 53% of the time. Age, trend, and role all point toward a real step forward this year."
3895856,Christian Kirk,WR,29,8,170.8,3.95,1.805008497,9,3,SLEEPER,Christian Kirk is projected for 4.0 PPG off an ADP of 170.8. Over his last 3 seasons he's landed at 0.60x his preseason projection. His ADP undersells his likely output — worth a look in the later rounds.
4600981,Pat Bryant,WR,23,1,170.9,4.28,4.124418668,14,1,BREAKOUT,"Pat Bryant is projected for 4.3 PPG off an ADP of 170.9. Similar wide receiver profiles (14 comps) hit their projection 36% of the time and busted 57% of the time. Age, trend, and role all point toward a real step forward this year."
4431268,Chimere Dike,WR,23,1,170.9,1.79,2.822586632,14,1,BREAKOUT,"Chimere Dike is projected for 1.8 PPG off an ADP of 170.9. Similar wide receiver profiles (14 comps) hit their projection 36% of the time and busted 57% of the time. Age, trend, and role all point toward a real step forward this year."
4603186,Jack Bech,WR,23,1,171,5.37,5.070791789,3,1,BREAKOUT,"Jack Bech is projected for 5.4 PPG off an ADP of 171.0. Limited historical comps make this a lower-confidence read. Age, trend, and role all point toward a real step forward this year."
4569559,Devaughn Vele,WR,28,2,171,3.57,6.116382725,5,2,SLEEPER,Devaughn Vele is projected for 3.6 PPG off an ADP of 171.0. Over his last 2 seasons he's landed at 2.78x his preseason projection. His ADP undersells his likely output — worth a look in the later rounds.
